symbol,expected_sessions,covered_sessions,coverage_pct
1101,2100,2094,0.9971428571428571
1102,2100,2094,0.9971428571428571
1103,2100,2094,0.9971428571428571
1104,2100,2094,0.9971428571428571
1108,2100,2094,0.9971428571428571
1109,2100,2094,0.9971428571428571
1110,2100,2094,0.9971428571428571
1201,2100,2094,0.9971428571428571
1203,2100,2094,0.9971428571428571
1210,2100,2094,0.9971428571428571
1213,2100,2094,0.9971428571428571
1215,2100,2094,0.9971428571428571
1216,2100,2094,0.9971428571428571
1217,2100,2094,0.9971428571428571
1218,2100,2094,0.9971428571428571
1219,2100,2094,0.9971428571428571
1220,2100,2094,0.9971428571428571
1225,2100,2094,0.9971428571428571
1227,2100,2094,0.9971428571428571
1229,2100,2094,0.9971428571428571
1231,2100,2094,0.9971428571428571
1232,2100,2094,0.9971428571428571
1233,2100,2094,0.9971428571428571
1234,2100,2094,0.9971428571428571
1235,2100,2094,0.9971428571428571
1236,2100,2094,0.9971428571428571
1240,1955,1945,0.9948849104859335
1256,2100,2094,0.9971428571428571
1258,1323,1252,0.9463340891912321
1259,2100,1971,0.9385714285714286
1262,432,429,0.9930555555555556
1264,2100,2051,0.9766666666666667
1268,2100,2086,0.9933333333333333
1294,460,458,0.9956521739130435
1295,303,302,0.9966996699669967
1301,2100,2094,0.9971428571428571
1303,2100,2094,0.9971428571428571
1304,2100,2094,0.9971428571428571
1305,2100,2094,0.9971428571428571
1307,2100,2094,0.9971428571428571
1308,2100,2094,0.9971428571428571
1309,2100,2094,0.9971428571428571
1310,2100,2094,0.9971428571428571
1312,2100,2094,0.9971428571428571
1313,2100,2094,0.9971428571428571
1314,2100,2094,0.9971428571428571
1315,2100,2094,0.9971428571428571
1316,2100,2094,0.9971428571428571
1319,2100,2094,0.9971428571428571
1321,2100,2094,0.9971428571428571
1323,2100,2094,0.9971428571428571
1324,2100,2094,0.9971428571428571
1325,2100,2094,0.9971428571428571
1326,2100,2094,0.9971428571428571
1333,0,0,0.0
1336,2100,2094,0.9971428571428571
1337,2100,2094,0.9971428571428571
1338,2100,2094,0.9971428571428571
1339,2100,2094,0.9971428571428571
1340,2100,2094,0.9971428571428571
1341,1858,1854,0.9978471474703983
1342,1394,1391,0.9978479196556671
1402,2100,2094,0.9971428571428571
1409,2100,2094,0.9971428571428571
1410,2100,2094,0.9971428571428571
1413,2100,2094,0.9971428571428571
1414,2100,2094,0.9971428571428571
1416,2100,2094,0.9971428571428571
1417,2100,2094,0.9971428571428571
1418,2100,2094,0.9971428571428571
1419,2100,2094,0.9971428571428571
1423,2100,2094,0.9971428571428571
1432,2100,2094,0.9971428571428571
1434,2100,2094,0.9971428571428571
1435,2100,2094,0.9971428571428571
1436,2100,2094,0.9971428571428571
1437,2100,2094,0.9971428571428571
1438,2100,2094,0.9971428571428571
1439,2100,2094,0.9971428571428571
1440,2100,2094,0.9971428571428571
1441,2100,2094,0.9971428571428571
1442,2100,2094,0.9971428571428571
1443,2100,2094,0.9971428571428571
1444,2100,2094,0.9971428571428571
1445,2100,2094,0.9971428571428571
1446,2100,2094,0.9971428571428571
1447,2100,2094,0.9971428571428571
1449,2100,2094,0.9971428571428571
1451,2100,2094,0.9971428571428571
1452,2100,2094,0.9971428571428571
1453,2100,2094,0.9971428571428571
1454,2100,2094,0.9971428571428571
1455,2100,2094,0.9971428571428571
1456,2100,2094,0.9971428571428571
1457,2100,2094,0.9971428571428571
1459,2100,2094,0.9971428571428571
1460,2100,2094,0.9971428571428571
1463,2100,2094,0.9971428571428571
1464,2100,2094,0.9971428571428571
1465,2100,2094,0.9971428571428571
1466,2100,2094,0.9971428571428571
1467,2100,2094,0.9971428571428571
1468,2100,2094,0.9971428571428571
1469,0,0,0.0
1470,2100,2094,0.9971428571428571
1471,2100,2094,0.9971428571428571
1472,2100,2094,0.9971428571428571
1473,2100,2094,0.9971428571428571
1474,2100,2094,0.9971428571428571
1475,2100,2094,0.9971428571428571
1476,2100,2094,0.9971428571428571
1477,2100,2094,0.9971428571428571
1503,2100,2094,0.9971428571428571
1504,2100,2094,0.9971428571428571
1506,2100,2094,0.9971428571428571
1507,1046,1041,0.9952198852772467
1512,2100,2094,0.9971428571428571
1513,2100,2094,0.9971428571428571
1514,2100,2094,0.9971428571428571
1515,2100,2094,0.9971428571428571
1516,2100,2094,0.9971428571428571
1517,2100,2094,0.9971428571428571
1519,2100,2094,0.9971428571428571
1521,2100,2094,0.9971428571428571
1522,2100,2094,0.9971428571428571
1524,2100,2093,0.9966666666666667
1525,2100,2094,0.9971428571428571
1526,2100,2094,0.9971428571428571
1527,2100,2094,0.9971428571428571
1528,2100,2094,0.9971428571428571
1529,2100,2094,0.9971428571428571
1530,2100,2094,0.9971428571428571
1531,2100,2094,0.9971428571428571
1532,2100,2094,0.9971428571428571
1533,2100,2094,0.9971428571428571
1535,2100,2094,0.9971428571428571
1536,2100,2094,0.9971428571428571
1537,2100,2094,0.9971428571428571
1538,2100,2094,0.9971428571428571
1539,2100,2094,0.9971428571428571
1540,2100,2094,0.9971428571428571
1541,2100,2094,0.9971428571428571
1558,2100,2094,0.9971428571428571
1560,2100,2094,0.9971428571428571
1563,554,552,0.9963898916967509
1565,2100,2095,0.9976190476190476
1566,384,377,0.9817708333333334
1568,2100,2094,0.9971428571428571
1569,2100,2095,0.9976190476190476
1570,2100,2088,0.9942857142857143
1580,2100,2095,0.9976190476190476
1582,2100,2094,0.9971428571428571
1583,2100,2094,0.9971428571428571
1584,2100,2094,0.9971428571428571
1586,2100,2095,0.9976190476190476
1587,2035,2030,0.9975429975429976
1589,2100,2094,0.9971428571428571
1590,2100,2094,0.9971428571428571
1591,2100,2058,0.98
1592,996,839,0.8423694779116466
1593,2100,2084,0.9923809523809524
1595,2100,2091,0.9957142857142857
1597,0,0,0.0
1597,1373,0,0.0
1598,2100,2094,0.9971428571428571
1599,2100,2094,0.9971428571428571
1603,2100,2094,0.9971428571428571
1604,2100,2094,0.9971428571428571
1605,2100,2094,0.9971428571428571
1608,2100,2094,0.9971428571428571
1609,2100,2094,0.9971428571428571
1611,2100,2094,0.9971428571428571
1612,2100,2094,0.9971428571428571
1613,0,0,0.0
1614,2100,2094,0.9971428571428571
1615,2100,2094,0.9971428571428571
1616,2100,2094,0.9971428571428571
1617,2100,2094,0.9971428571428571
1618,2100,2094,0.9971428571428571
1623,138,137,0.9927536231884058
1626,2100,2094,0.9971428571428571
1701,1623,1615,0.9950708564386938
1702,2100,2094,0.9971428571428571
1704,267,263,0.9850187265917603
1707,2100,2094,0.9971428571428571
1708,2100,2094,0.9971428571428571
1709,2100,2094,0.9971428571428571
1710,2100,2094,0.9971428571428571
1711,2100,2094,0.9971428571428571
1712,2100,2094,0.9971428571428571
1713,2100,2094,0.9971428571428571
1714,2100,2094,0.9971428571428571
1715,0,0,0.0
1717,2100,2094,0.9971428571428571
1718,2100,2094,0.9971428571428571
1720,2100,2094,0.9971428571428571
1721,2100,2094,0.9971428571428571
1722,2100,2094,0.9971428571428571
1723,2100,2094,0.9971428571428571
1724,934,925,0.9903640256959315
1725,2100,2094,0.9971428571428571
1726,2100,2094,0.9971428571428571
1727,2100,2094,0.9971428571428571
1729,0,0,0.0
1730,2100,2094,0.9971428571428571
1731,2100,2094,0.9971428571428571
1732,2100,2094,0.9971428571428571
1733,2100,2094,0.9971428571428571
1734,2100,2094,0.9971428571428571
1735,2100,2094,0.9971428571428571
1736,2100,2094,0.9971428571428571
1737,2100,2094,0.9971428571428571
1742,2100,2085,0.9928571428571429
1752,0,0,0.0
1752,1110,0,0.0
1760,2085,2079,0.9971223021582734
1762,2100,2094,0.9971428571428571
1773,2100,2094,0.9971428571428571
1776,2100,2094,0.9971428571428571
1777,2100,2089,0.9947619047619047
1780,45,44,0.9777777777777777
1781,2100,2091,0.9957142857142857
1783,2100,2094,0.9971428571428571
1784,2100,2095,0.9976190476190476
1785,2100,2095,0.9976190476190476
1786,2100,2094,0.9971428571428571
1787,466,454,0.9742489270386266
1788,2100,2087,0.9938095238095238
1789,2100,2094,0.9971428571428571
1795,0,0,0.0
1795,1623,0,0.0
1796,2086,2025,0.9707574304889741
1799,2100,2087,0.9938095238095238
1802,2100,2094,0.9971428571428571
1805,2100,2094,0.9971428571428571
1806,2100,2094,0.9971428571428571
1808,2100,2094,0.9971428571428571
1809,2100,2094,0.9971428571428571
1810,2100,2094,0.9971428571428571
1813,2100,2085,0.9928571428571429
1815,2100,2095,0.9976190476190476
1817,2100,2100,1.0
1902,585,581,0.9931623931623932
1903,2100,2094,0.9971428571428571
1904,2100,2094,0.9971428571428571
1905,2100,2094,0.9971428571428571
1906,2100,2094,0.9971428571428571
1907,2100,2094,0.9971428571428571
1909,2100,2094,0.9971428571428571
2002,2100,2094,0.9971428571428571
2006,2100,2094,0.9971428571428571
2007,2100,2094,0.9971428571428571
2008,2100,2094,0.9971428571428571
2009,2100,2094,0.9971428571428571
2010,2100,2094,0.9971428571428571
2012,2100,2094,0.9971428571428571
2013,2100,2094,0.9971428571428571
2014,2100,2094,0.9971428571428571
2015,2100,2094,0.9971428571428571
2017,2100,2094,0.9971428571428571
2020,2100,2094,0.9971428571428571
2022,2100,2094,0.9971428571428571
2023,2100,2094,0.9971428571428571
2024,2100,2094,0.9971428571428571
2025,2100,2094,0.9971428571428571
2027,2100,2094,0.9971428571428571
2028,2100,2094,0.9971428571428571
2029,2100,2094,0.9971428571428571
2030,2100,2094,0.9971428571428571
2031,2100,2094,0.9971428571428571
2032,2100,2094,0.9971428571428571
2033,2100,2094,0.9971428571428571
2034,2100,2094,0.9971428571428571
2035,2100,1898,0.9038095238095238
2038,2100,2094,0.9971428571428571
2049,2100,2094,0.9971428571428571
2059,2100,2094,0.9971428571428571
2061,2100,2070,0.9857142857142858
2062,2100,2094,0.9971428571428571
2063,2100,2090,0.9952380952380953
2064,2100,1966,0.9361904761904762
2065,2100,2091,0.9957142857142857
2066,2100,2076,0.9885714285714285
2067,2100,2035,0.969047619047619
2069,2100,2094,0.9971428571428571
2070,1864,1835,0.9844420600858369
2072,101,100,0.9900990099009901
2073,769,566,0.7360208062418726
2101,2100,2094,0.9971428571428571
2102,2100,2094,0.9971428571428571
2103,2100,2094,0.9971428571428571
2104,2100,2094,0.9971428571428571
2105,2100,2094,0.9971428571428571
2106,2100,2094,0.9971428571428571
2107,2100,2094,0.9971428571428571
2108,2100,2094,0.9971428571428571
2109,2100,2094,0.9971428571428571
2114,2100,2094,0.9971428571428571
2115,2100,2094,0.9971428571428571
2201,2100,2094,0.9971428571428571
2204,2100,2094,0.9971428571428571
2206,2100,2094,0.9971428571428571
2207,2100,2094,0.9971428571428571
2208,2100,2094,0.9971428571428571
2211,1306,1306,1.0
2221,2100,2090,0.9952380952380953
2227,2100,2094,0.9971428571428571
2228,2100,2094,0.9971428571428571
2230,2100,2090,0.9952380952380953
2231,2100,2094,0.9971428571428571
2233,0,0,0.0
2233,1684,0,0.0
2235,2100,1921,0.9147619047619048
2236,2100,2094,0.9971428571428571
2237,9,8,0.8888888888888888
2239,2100,2094,0.9971428571428571
2241,1455,1452,0.9979381443298969
2243,2100,2094,0.9971428571428571
2247,1425,1422,0.9978947368421053
2248,353,351,0.9943342776203966
2250,1272,1272,1.0
2254,688,686,0.997093023255814
2258,667,632,0.9475262368815592
2301,2100,2094,0.9971428571428571
2302,2100,2100,1.0
2303,2100,2094,0.9971428571428571
2305,2100,2094,0.9971428571428571
2308,2100,2094,0.9971428571428571
2311,75,67,0.8933333333333333
2312,2100,2094,0.9971428571428571
2313,2100,2094,0.9971428571428571
2314,2100,2094,0.9971428571428571
2316,2100,2094,0.9971428571428571
2317,2100,2094,0.9971428571428571
2321,2100,2094,0.9971428571428571
2323,2100,2094,0.9971428571428571
2324,2100,2094,0.9971428571428571
2325,75,67,0.8933333333333333
2327,2100,2094,0.9971428571428571
2328,2100,2094,0.9971428571428571
2329,2100,2094,0.9971428571428571
2330,2100,2094,0.9971428571428571
2331,2100,2094,0.9971428571428571
2332,2100,2094,0.9971428571428571
2337,2100,2094,0.9971428571428571
2338,2100,2094,0.9971428571428571
2340,2100,2094,0.9971428571428571
2342,2100,2094,0.9971428571428571
2344,2100,2094,0.9971428571428571
2345,2100,2094,0.9971428571428571
2347,2100,2094,0.9971428571428571
2348,2100,2094,0.9971428571428571
2349,2100,2094,0.9971428571428571
2351,2100,2100,1.0
2352,2100,2094,0.9971428571428571
2353,2100,2094,0.9971428571428571
2354,2100,2094,0.9971428571428571
2355,2100,2094,0.9971428571428571
2356,2100,2094,0.9971428571428571
2357,2100,2094,0.9971428571428571
2358,1674,1522,0.9091995221027479
2359,2100,2094,0.9971428571428571
2360,2100,2094,0.9971428571428571
2362,2100,2094,0.9971428571428571
2363,2100,2094,0.9971428571428571
2364,2100,2094,0.9971428571428571
2365,2100,2094,0.9971428571428571
2367,2100,2094,0.9971428571428571
2368,2100,2094,0.9971428571428571
2369,2100,2094,0.9971428571428571
2371,2100,2094,0.9971428571428571
2373,2100,2094,0.9971428571428571
2374,2100,2094,0.9971428571428571
2375,2100,2094,0.9971428571428571
2376,2100,2094,0.9971428571428571
2377,2100,2094,0.9971428571428571
2379,2100,2094,0.9971428571428571
2380,2100,2094,0.9971428571428571
2382,2100,2094,0.9971428571428571
2383,2100,2094,0.9971428571428571
2385,2100,2094,0.9971428571428571
2387,2100,2094,0.9971428571428571
2388,2100,2094,0.9971428571428571
2390,2100,2094,0.9971428571428571
2392,2100,2094,0.9971428571428571
2393,2100,2094,0.9971428571428571
2395,2100,2094,0.9971428571428571
2397,2100,2094,0.9971428571428571
2399,2100,2094,0.9971428571428571
2401,2100,2094,0.9971428571428571
2402,2100,2094,0.9971428571428571
2404,2100,2094,0.9971428571428571
2405,2100,2094,0.9971428571428571
2406,2100,2094,0.9971428571428571
2408,2100,2094,0.9971428571428571
2409,2100,2094,0.9971428571428571
2412,2100,2094,0.9971428571428571
2413,2100,2094,0.9971428571428571
2414,2100,2094,0.9971428571428571
2415,2100,2094,0.9971428571428571
2417,2100,2094,0.9971428571428571
2419,2100,2094,0.9971428571428571
2420,2100,2094,0.9971428571428571
2421,2100,2094,0.9971428571428571
2423,2100,2094,0.9971428571428571
2424,2100,2094,0.9971428571428571
2425,2100,2094,0.9971428571428571
2426,2100,2094,0.9971428571428571
2427,2100,2094,0.9971428571428571
2428,2100,2094,0.9971428571428571
2429,2100,2094,0.9971428571428571
2430,2100,2094,0.9971428571428571
2431,2100,2094,0.9971428571428571
2432,784,782,0.9974489795918368
2433,2100,2094,0.9971428571428571
2434,2100,2094,0.9971428571428571
2436,2100,2094,0.9971428571428571
2437,0,0,0.0
2438,2100,2094,0.9971428571428571
2439,2100,2094,0.9971428571428571
2440,2100,2094,0.9971428571428571
2441,2100,2094,0.9971428571428571
2442,2100,2094,0.9971428571428571
2443,1674,1510,0.9020310633213859
2444,2100,2094,0.9971428571428571
2448,736,727,0.9877717391304348
2449,2100,2094,0.9971428571428571
2450,2100,2094,0.9971428571428571
2451,2100,2094,0.9971428571428571
2453,2100,2094,0.9971428571428571
2454,2100,2094,0.9971428571428571
2455,2100,2094,0.9971428571428571
2456,980,968,0.9877551020408163
2457,2100,2094,0.9971428571428571
2458,2100,2094,0.9971428571428571
2459,2100,2094,0.9971428571428571
2460,2100,2094,0.9971428571428571
2461,2100,2094,0.9971428571428571
2462,2100,2094,0.9971428571428571
2464,2100,2094,0.9971428571428571
2465,2100,2094,0.9971428571428571
2466,2100,2094,0.9971428571428571
2467,2100,2094,0.9971428571428571
2468,2100,2100,1.0
2471,2100,2094,0.9971428571428571
2472,2100,2094,0.9971428571428571
2474,2100,2094,0.9971428571428571
2475,328,327,0.9969512195121951
2476,2100,2094,0.9971428571428571
2477,2100,2094,0.9971428571428571
2478,2100,2094,0.9971428571428571
2480,2100,2094,0.9971428571428571
2481,2100,2094,0.9971428571428571
2482,2100,2094,0.9971428571428571
2483,2100,2094,0.9971428571428571
2484,2100,2094,0.9971428571428571
2485,2100,2094,0.9971428571428571
2486,2100,2094,0.9971428571428571
2488,2100,2094,0.9971428571428571
2489,2100,2094,0.9971428571428571
2491,2100,2094,0.9971428571428571
2492,2100,2094,0.9971428571428571
2493,2100,2094,0.9971428571428571
2495,2100,2094,0.9971428571428571
2496,2100,2094,0.9971428571428571
2497,2100,2094,0.9971428571428571
2498,2100,2094,0.9971428571428571
2499,696,547,0.7859195402298851
2501,2100,2094,0.9971428571428571
2504,2100,2094,0.9971428571428571
2505,2100,2094,0.9971428571428571
2506,2100,2094,0.9971428571428571
2509,2100,2094,0.9971428571428571
2511,2100,2094,0.9971428571428571
2514,2100,2094,0.9971428571428571
2515,2100,2094,0.9971428571428571
2516,2100,2094,0.9971428571428571
2520,2100,2094,0.9971428571428571
2524,2100,2094,0.9971428571428571
2527,2100,2094,0.9971428571428571
2528,2100,2094,0.9971428571428571
2530,2100,2094,0.9971428571428571
2534,2100,2094,0.9971428571428571
2535,2100,2094,0.9971428571428571
2536,2100,2094,0.9971428571428571
2537,2100,2094,0.9971428571428571
2538,2100,2094,0.9971428571428571
2539,2100,2094,0.9971428571428571
2540,2100,2094,0.9971428571428571
2542,2100,2094,0.9971428571428571
2543,2100,2094,0.9971428571428571
2545,2100,2094,0.9971428571428571
2546,2100,2094,0.9971428571428571
2547,2100,2094,0.9971428571428571
2548,2100,2094,0.9971428571428571
2596,2100,2094,0.9971428571428571
2597,2100,2094,0.9971428571428571
2601,2100,2094,0.9971428571428571
2603,2100,2094,0.9971428571428571
2605,2100,2094,0.9971428571428571
2606,2100,2094,0.9971428571428571
2607,2100,2094,0.9971428571428571
2608,2100,2094,0.9971428571428571
2609,2100,2094,0.9971428571428571
2610,2100,2094,0.9971428571428571
2611,2100,2094,0.9971428571428571
2612,2100,2094,0.9971428571428571
2613,2100,2094,0.9971428571428571
2614,2100,2094,0.9971428571428571
2615,2100,2094,0.9971428571428571
2616,2100,2094,0.9971428571428571
2617,2100,2094,0.9971428571428571
2618,2100,2094,0.9971428571428571
2630,2069,2063,0.9971000483325277
2633,2100,2094,0.9971428571428571
2634,2100,2094,0.9971428571428571
2636,2100,2094,0.9971428571428571
2637,2100,2094,0.9971428571428571
2640,2100,2090,0.9952380952380953
2641,2100,2090,0.9952380952380953
2642,2100,2094,0.9971428571428571
2643,2100,2088,0.9942857142857143
2645,836,834,0.9976076555023924
2646,442,440,0.995475113122172
2701,2100,2094,0.9971428571428571
2702,2100,2094,0.9971428571428571
2704,2100,2094,0.9971428571428571
2705,2100,2094,0.9971428571428571
2706,2100,2094,0.9971428571428571
2707,2100,2094,0.9971428571428571
2712,2100,2094,0.9971428571428571
2718,2100,1764,0.84
2719,2100,1931,0.9195238095238095
2722,2100,2094,0.9971428571428571
2723,2100,2094,0.9971428571428571
2724,2100,1623,0.7728571428571429
2726,2100,2076,0.9885714285714285
2727,2100,2094,0.9971428571428571
2729,2100,2092,0.9961904761904762
2731,2100,2094,0.9971428571428571
2732,2100,2095,0.9976190476190476
2734,2100,2066,0.9838095238095238
2736,2100,2075,0.9880952380952381
2739,2100,2094,0.9971428571428571
2740,2100,1641,0.7814285714285715
2743,1572,1568,0.9974554707379135
2745,2035,2021,0.9931203931203931
2748,2100,2094,0.9971428571428571
2751,471,463,0.9830148619957537
2752,1678,1584,0.9439809296781884
2753,1200,1198,0.9983333333333333
2754,1439,1437,0.9986101459346769
2755,1378,1365,0.9905660377358491
2756,1113,1099,0.9874213836477987
2762,621,619,0.9967793880837359
2801,2100,2094,0.9971428571428571
2809,1886,1878,0.9957582184517497
2812,2100,2094,0.9971428571428571
2816,2100,2094,0.9971428571428571
2820,2100,2094,0.9971428571428571
2823,977,969,0.9918116683725691
2832,2100,2094,0.9971428571428571
2834,2100,2094,0.9971428571428571
2836,2100,2094,0.9971428571428571
2838,2100,2094,0.9971428571428571
2841,1119,1036,0.9258266309204647
2845,2100,2094,0.9971428571428571
2849,2100,2094,0.9971428571428571
2850,2100,2094,0.9971428571428571
2851,2100,2094,0.9971428571428571
2852,2100,2094,0.9971428571428571
2855,2100,2094,0.9971428571428571
2856,182,173,0.9505494505494505
2867,2100,2094,0.9971428571428571
2880,2100,2094,0.9971428571428571
2881,2100,2095,0.9976190476190476
2882,2100,2095,0.9976190476190476
2883,2100,2094,0.9971428571428571
2884,2100,2094,0.9971428571428571
2885,2100,2094,0.9971428571428571
2886,2100,2094,0.9971428571428571
2887,2100,2094,0.9971428571428571
2888,1838,1828,0.9945593035908596
2889,2100,2094,0.9971428571428571
2890,2100,2094,0.9971428571428571
2891,2100,2094,0.9971428571428571
2892,2100,2094,0.9971428571428571
2897,2100,2094,0.9971428571428571
2901,2100,2094,0.9971428571428571
2903,2100,2094,0.9971428571428571
2904,2100,2094,0.9971428571428571
2905,2100,2094,0.9971428571428571
2906,2100,2100,1.0
2908,2100,2094,0.9971428571428571
2910,2100,2094,0.9971428571428571
2911,2100,2094,0.9971428571428571
2912,2100,2094,0.9971428571428571
2913,2100,2094,0.9971428571428571
2915,2100,2094,0.9971428571428571
2916,2100,2034,0.9685714285714285
2923,2100,2094,0.9971428571428571
2924,2100,1569,0.7471428571428571
2926,2100,2081,0.9909523809523809
2928,928,909,0.9795258620689655
2929,2100,2094,0.9971428571428571
2936,1091,1085,0.9945004582951421
2937,2100,1908,0.9085714285714286
2939,2093,2087,0.9971333014811276
2941,589,395,0.6706281833616299
2945,1145,1143,0.9982532751091703
2947,1183,1078,0.9112426035502958
2948,651,502,0.7711213517665131
2949,648,538,0.8302469135802469
3002,2100,2094,0.9971428571428571
3003,2100,2094,0.9971428571428571
3004,2100,2094,0.9971428571428571
3005,2100,2094,0.9971428571428571
3006,2100,2094,0.9971428571428571
3008,2100,2094,0.9971428571428571
3010,2100,2094,0.9971428571428571
3011,2100,2094,0.9971428571428571
3013,2100,2094,0.9971428571428571
3014,2100,2094,0.9971428571428571
3015,2100,2094,0.9971428571428571
3016,2100,2094,0.9971428571428571
3017,2100,2094,0.9971428571428571
3018,2100,2094,0.9971428571428571
3019,2100,2094,0.9971428571428571
3021,2100,2094,0.9971428571428571
3022,2100,2094,0.9971428571428571
3023,2100,2094,0.9971428571428571
3024,2100,2094,0.9971428571428571
3025,2100,2094,0.9971428571428571
3026,2100,2094,0.9971428571428571
3027,2100,2094,0.9971428571428571
3028,2100,2094,0.9971428571428571
3029,2100,2094,0.9971428571428571
3030,2100,2094,0.9971428571428571
3031,2100,2094,0.9971428571428571
3032,2100,2094,0.9971428571428571
3033,2100,2094,0.9971428571428571
3034,2100,2095,0.9976190476190476
3035,2100,2094,0.9971428571428571
3036,2100,2094,0.9971428571428571
3037,2100,2094,0.9971428571428571
3038,2100,2094,0.9971428571428571
3040,2100,2094,0.9971428571428571
3041,2100,2094,0.9971428571428571
3042,2100,2094,0.9971428571428571
3043,2100,2094,0.9971428571428571
3044,2100,2094,0.9971428571428571
3045,2100,2094,0.9971428571428571
3046,2100,2094,0.9971428571428571
3047,2100,2094,0.9971428571428571
3048,2100,2094,0.9971428571428571
3049,2100,2094,0.9971428571428571
3050,2100,2094,0.9971428571428571
3051,2100,2094,0.9971428571428571
3052,2100,2094,0.9971428571428571
3054,2100,2094,0.9971428571428571
3055,2100,2094,0.9971428571428571
3056,2100,2094,0.9971428571428571
3057,2100,2094,0.9971428571428571
3058,2100,2094,0.9971428571428571
3059,2100,2094,0.9971428571428571
3060,2100,2094,0.9971428571428571
3062,2100,2094,0.9971428571428571
3064,2100,1740,0.8285714285714286
3066,2100,2026,0.9647619047619047
3067,2100,1655,0.7880952380952381
3068,106,100,0.9433962264150944
3071,2100,2089,0.9947619047619047
3073,2100,1775,0.8452380952380952
3078,2100,2095,0.9976190476190476
3081,2100,2095,0.9976190476190476
3083,2100,2095,0.9976190476190476
3085,2100,1904,0.9066666666666666
3086,2100,1915,0.9119047619047619
3088,2100,2095,0.9976190476190476
3089,1499,1193,0.7958639092728486
3090,2100,2094,0.9971428571428571
3092,0,0,0.0
3092,1284,0,0.0
3093,2100,2042,0.9723809523809523
3094,2100,2094,0.9971428571428571
3095,2100,2034,0.9685714285714285
3105,2100,2095,0.9976190476190476
3114,2100,2095,0.9976190476190476
3115,2100,1844,0.878095238095238
3118,2100,2067,0.9842857142857143
3122,2100,2080,0.9904761904761905
3128,2100,2095,0.9976190476190476
3130,2100,2094,0.9971428571428571
3131,2100,2094,0.9971428571428571
3135,253,253,1.0
3138,1381,1378,0.997827661115134
3141,2100,2095,0.9976190476190476
3144,969,960,0.9907120743034056
3147,2005,1999,0.9970074812967581
3149,2100,2094,0.9971428571428571
3150,522,520,0.9961685823754789
3152,2100,2090,0.9952380952380953
3158,184,179,0.9728260869565217
3162,2100,2038,0.9704761904761905
3163,2100,2095,0.9976190476190476
3164,2100,2094,0.9971428571428571
3167,2100,2094,0.9971428571428571
3168,585,583,0.9965811965811966
3169,2100,2088,0.9942857142857143
3171,2100,2049,0.9757142857142858
3176,2100,2095,0.9976190476190476
3178,1884,1879,0.9973460721868365
3188,2100,2072,0.9866666666666667
3189,2100,2094,0.9971428571428571
3191,2100,2021,0.9623809523809523
3202,1835,1758,0.9580381471389646
3205,2100,2095,0.9976190476190476
3206,2100,2095,0.9976190476190476
3207,2100,2009,0.9566666666666667
3209,2100,2094,0.9971428571428571
3211,2100,2095,0.9976190476190476
3213,2100,2095,0.9976190476190476
3217,2100,2095,0.9976190476190476
3218,2100,2095,0.9976190476190476
3219,2100,1760,0.8380952380952381
3221,2100,2095,0.9976190476190476
3224,2100,2094,0.9971428571428571
3226,2100,1883,0.8966666666666666
3227,2100,2095,0.9976190476190476
3228,2100,2095,0.9976190476190476
3229,2100,2094,0.9971428571428571
3230,2100,2064,0.9828571428571429
3231,2100,2094,0.9971428571428571
3232,2100,2095,0.9976190476190476
3234,2100,2095,0.9976190476190476
3236,2100,2095,0.9976190476190476
3252,2100,2090,0.9952380952380953
3257,2100,2094,0.9971428571428571
3259,2100,2079,0.99
3260,2100,2094,0.9971428571428571
3264,2100,2095,0.9976190476190476
3265,2100,2095,0.9976190476190476
3266,2100,2094,0.9971428571428571
3268,2100,2089,0.9947619047619047
3272,2100,2095,0.9976190476190476
3276,2100,2058,0.98
3284,2100,2085,0.9928571428571429
3285,2100,2092,0.9961904761904762
3287,2100,2086,0.9933333333333333
3288,2100,1858,0.8847619047619047
3289,2100,2095,0.9976190476190476
3290,2100,2087,0.9938095238095238
3293,2100,2095,0.9976190476190476
3294,2100,2095,0.9976190476190476
3296,2100,2094,0.9971428571428571
3297,2100,2095,0.9976190476190476
3299,224,217,0.96875
3303,2100,2095,0.9976190476190476
3305,2100,2094,0.9971428571428571
3306,2100,2092,0.9961904761904762
3308,2100,2094,0.9971428571428571
3310,2100,2088,0.9942857142857143
3311,2100,2094,0.9971428571428571
3312,2100,2094,0.9971428571428571
3313,2100,2094,0.9971428571428571
3315,0,0,0.0
3317,2100,2095,0.9976190476190476
3321,2100,2094,0.9971428571428571
3322,2100,2095,0.9976190476190476
3323,2100,2095,0.9976190476190476
3324,2100,2095,0.9976190476190476
3325,2100,2095,0.9976190476190476
3332,2100,1683,0.8014285714285714
3338,2100,2094,0.9971428571428571
3339,2100,2050,0.9761904761904762
3346,2100,2094,0.9971428571428571
3349,1073,1035,0.9645852749301025
3354,2100,2095,0.9976190476190476
3356,2100,2094,0.9971428571428571
3357,1295,1294,0.9992277992277993
3360,2100,2095,0.9976190476190476
3362,2100,2095,0.9976190476190476
3363,2100,2095,0.9976190476190476
3372,2100,2089,0.9947619047619047
3373,2100,2095,0.9976190476190476
3374,2100,2095,0.9976190476190476
3376,2100,2094,0.9971428571428571
3379,2100,2090,0.9952380952380953
3380,2100,2094,0.9971428571428571
3383,1155,1145,0.9913419913419913
3388,2100,2095,0.9976190476190476
3390,2100,2095,0.9976190476190476
3402,2100,2095,0.9976190476190476
3406,2100,2094,0.9971428571428571
3413,2100,2094,0.9971428571428571
3416,2100,2094,0.9971428571428571
3419,2100,2094,0.9971428571428571
3426,2048,1810,0.8837890625
3428,182,172,0.945054945054945
3430,956,955,0.9989539748953975
3431,406,241,0.5935960591133005
3432,2100,2094,0.9971428571428571
3434,2100,2009,0.9566666666666667
3437,2100,2100,1.0
3438,2100,2087,0.9938095238095238
3441,2100,2095,0.9976190476190476
3443,2100,2094,0.9971428571428571
3444,2100,2095,0.9976190476190476
3447,888,886,0.9977477477477478
3450,2100,2094,0.9971428571428571
3454,2000,1994,0.997
3455,2100,2094,0.9971428571428571
3465,2100,1935,0.9214285714285714
3466,2100,2060,0.9809523809523809
3467,345,344,0.9971014492753624
3479,2100,2095,0.9976190476190476
3481,2100,2094,0.9971428571428571
3483,2100,2095,0.9976190476190476
3484,2100,2095,0.9976190476190476
3485,75,74,0.9866666666666667
3489,2100,2087,0.9938095238095238
3490,2100,2089,0.9947619047619047
3491,2100,2093,0.9966666666666667
3492,2100,2089,0.9947619047619047
3494,2100,2094,0.9971428571428571
3498,2100,2089,0.9947619047619047
3499,2100,2095,0.9976190476190476
3501,2100,2094,0.9971428571428571
3504,2100,2094,0.9971428571428571
3508,2100,2095,0.9976190476190476
3511,2100,2094,0.9971428571428571
3512,2100,2095,0.9976190476190476
3514,182,174,0.9560439560439561
3515,2100,2094,0.9971428571428571
3516,2100,2069,0.9852380952380952
3518,2100,2094,0.9971428571428571
3519,321,320,0.9968847352024922
3520,2100,2088,0.9942857142857143
3521,2100,2087,0.9938095238095238
3522,2100,2088,0.9942857142857143
3523,2100,1974,0.94
3526,2100,2088,0.9942857142857143
3527,2100,2095,0.9976190476190476
3528,2100,2094,0.9971428571428571
3529,2100,2095,0.9976190476190476
3530,1972,1967,0.9974645030425964
3531,2100,1974,0.94
3532,2100,2094,0.9971428571428571
3533,2100,2094,0.9971428571428571
3535,2100,2094,0.9971428571428571
3536,1332,1260,0.9459459459459459
3537,2100,2095,0.9976190476190476
3540,2100,2095,0.9976190476190476
3541,2100,2095,0.9976190476190476
3543,1547,1544,0.9980607627666451
3545,2100,2094,0.9971428571428571
3546,2100,2095,0.9976190476190476
3548,2100,2095,0.9976190476190476
3550,2100,2094,0.9971428571428571
3551,2100,2095,0.9976190476190476
3552,2100,2095,0.9976190476190476
3553,0,0,0.0
3555,2100,1960,0.9333333333333333
3556,2100,2095,0.9976190476190476
3557,2100,2094,0.9971428571428571
3558,2100,2095,0.9976190476190476
3559,0,0,0.0
3561,182,174,0.9560439560439561
3562,522,504,0.9655172413793104
3563,0,0,0.0
3563,1798,0,0.0
3564,2100,2080,0.9904761904761905
3567,2100,2095,0.9976190476190476
3570,2100,2077,0.9890476190476191
3576,2100,2094,0.9971428571428571
3577,2100,2084,0.9923809523809524
3579,359,358,0.9972144846796658
3580,2100,2095,0.9976190476190476
3581,2100,2084,0.9923809523809524
3583,2100,2094,0.9971428571428571
3587,2100,2094,0.9971428571428571
3588,2100,2094,0.9971428571428571
3591,2100,2094,0.9971428571428571
3592,1118,1115,0.9973166368515206
3593,2100,2094,0.9971428571428571
3594,2100,2095,0.9976190476190476
3596,2100,2094,0.9971428571428571
3597,1572,1558,0.9910941475826972
3605,2100,2094,0.9971428571428571
3607,2100,2094,0.9971428571428571
3609,2100,2074,0.9876190476190476
3611,2100,2095,0.9976190476190476
3615,2100,2095,0.9976190476190476
3617,2100,2094,0.9971428571428571
3622,2100,2094,0.9971428571428571
3623,2100,2091,0.9957142857142857
3624,2100,2095,0.9976190476190476
3625,2100,2095,0.9976190476190476
3628,2100,2088,0.9942857142857143
3629,2100,1540,0.7333333333333333
3630,2100,2094,0.9971428571428571
3631,2100,2042,0.9723809523809523
3632,2100,2024,0.9638095238095238
3642,1333,1182,0.886721680420105
3645,2100,2094,0.9971428571428571
3646,2100,2084,0.9923809523809524
3652,0,0,0.0
3652,948,0,0.0
3653,2100,2094,0.9971428571428571
3661,2100,2094,0.9971428571428571
3662,0,0,0.0
3663,2100,2095,0.9976190476190476
3664,2100,2080,0.9904761904761905
3665,2100,2094,0.9971428571428571
3666,2100,2094,0.9971428571428571
3669,2100,2094,0.9971428571428571
3672,2100,2091,0.9957142857142857
3673,2100,2094,0.9971428571428571
3675,2100,2093,0.9966666666666667
3679,2100,2094,0.9971428571428571
3680,2100,2095,0.9976190476190476
3682,1452,1437,0.9896694214876033
3684,2100,2006,0.9552380952380952
3685,2100,2083,0.991904761904762
3686,2100,2094,0.9971428571428571
3687,2100,2095,0.9976190476190476
3689,2100,2095,0.9976190476190476
3691,2100,2095,0.9976190476190476
3693,2100,2092,0.9961904761904762
3694,2100,2094,0.9971428571428571
3698,736,727,0.9877717391304348
3701,2100,2094,0.9971428571428571
3702,2100,2094,0.9971428571428571
3703,2100,2094,0.9971428571428571
3704,2100,2094,0.9971428571428571
3705,2100,2094,0.9971428571428571
3706,2100,2094,0.9971428571428571
3707,2100,2095,0.9976190476190476
3708,2100,2094,0.9971428571428571
3709,2100,2064,0.9828571428571429
3710,2100,2095,0.9976190476190476
3711,2025,2020,0.9975308641975309
3712,1918,1913,0.997393117831074
3713,1578,1575,0.9980988593155894
3714,1364,1361,0.9978005865102639
3715,966,963,0.9968944099378882
3716,477,475,0.9958071278825996
3717,246,245,0.9959349593495935
4102,2100,2091,0.9957142857142857
4103,212,206,0.9716981132075472
4104,2100,2094,0.9971428571428571
4105,2100,2095,0.9976190476190476
4106,2100,2094,0.9971428571428571
4107,2100,2095,0.9976190476190476
4108,2100,2094,0.9971428571428571
4109,2100,2089,0.9947619047619047
4111,2100,2095,0.9976190476190476
4113,2100,2095,0.9976190476190476
4114,2100,2094,0.9971428571428571
4116,2100,2094,0.9971428571428571
4119,2100,2094,0.9971428571428571
4120,2100,2091,0.9957142857142857
4121,2100,2095,0.9976190476190476
4123,2100,2093,0.9966666666666667
4126,2100,2094,0.9971428571428571
4127,2100,2094,0.9971428571428571
4128,2100,2094,0.9971428571428571
4129,2100,2095,0.9976190476190476
4130,2082,2073,0.9956772334293948
4131,2100,1830,0.8714285714285714
4133,2100,2094,0.9971428571428571
4137,2100,2094,0.9971428571428571
4138,2100,2090,0.9952380952380953
4139,2100,2090,0.9952380952380953
4141,1053,1049,0.9962013295346629
4142,2100,2094,0.9971428571428571
4144,689,682,0.9898403483309144
4147,2100,2095,0.9976190476190476
4148,2100,2094,0.9971428571428571
4152,919,906,0.985854189336235
4153,2100,2089,0.9947619047619047
4154,2100,1948,0.9276190476190476
4155,2100,2094,0.9971428571428571
4157,2100,2095,0.9976190476190476
4160,2100,2087,0.9938095238095238
4161,2100,2095,0.9976190476190476
4162,2100,2095,0.9976190476190476
4163,2100,2091,0.9957142857142857
4164,2100,2094,0.9971428571428571
4166,242,241,0.9958677685950413
4167,2100,2095,0.9976190476190476
4168,2100,2095,0.9976190476190476
4169,94,93,0.9893617021276596
4171,2100,2092,0.9961904761904762
4173,2100,2095,0.9976190476190476
4174,2100,2090,0.9952380952380953
4175,2100,2076,0.9885714285714285
4178,78,77,0.9871794871794872
4180,387,380,0.9819121447028424
4183,2100,1880,0.8952380952380953
4188,2100,2094,0.9971428571428571
4190,2100,2094,0.9971428571428571
4192,2100,2005,0.9547619047619048
4195,72,71,0.9861111111111112
4198,2100,1946,0.9266666666666666
4205,2100,2085,0.9928571428571429
4207,2100,2095,0.9976190476190476
4303,2100,2087,0.9938095238095238
4304,2100,1890,0.9
4305,2100,1788,0.8514285714285714
4306,2100,2094,0.9971428571428571
4401,2100,2095,0.9976190476190476
4402,2100,2029,0.9661904761904762
4406,2100,1914,0.9114285714285715
4413,2100,1852,0.8819047619047619
4414,2100,2094,0.9971428571428571
4415,0,0,0.0
4416,2100,1747,0.8319047619047619
4417,2100,2095,0.9976190476190476
4419,2100,1310,0.6238095238095238
4420,2100,2065,0.9833333333333333
4426,2100,2094,0.9971428571428571
4429,1073,854,0.7958993476234856
4430,2100,2076,0.9885714285714285
4432,2100,2094,0.9971428571428571
4433,2100,2078,0.9895238095238095
4438,2100,2094,0.9971428571428571
4439,1630,1627,0.998159509202454
4440,1171,1169,0.9982920580700256
4441,229,228,0.9956331877729258
4442,660,657,0.9954545454545455
4502,2100,2071,0.9861904761904762
4503,2100,2089,0.9947619047619047
4506,2100,2093,0.9966666666666667
4510,2100,2095,0.9976190476190476
4513,2100,2095,0.9976190476190476
4523,2100,2072,0.9866666666666667
4526,2100,2100,1.0
4527,2100,2087,0.9938095238095238
4528,2100,2086,0.9933333333333333
4529,2100,2093,0.9966666666666667
4530,2100,2028,0.9657142857142857
4532,2100,2094,0.9971428571428571
4533,2100,2094,0.9971428571428571
4534,2100,2095,0.9976190476190476
4535,2100,2032,0.9676190476190476
4536,2100,2094,0.9971428571428571
4538,1844,1814,0.9837310195227765
4540,1950,1945,0.9974358974358974
4541,2100,2095,0.9976190476190476
4542,2100,1969,0.9376190476190476
4543,2100,2065,0.9833333333333333
4545,2100,2094,0.9971428571428571
4549,2100,2093,0.9966666666666667
4550,2100,2072,0.9866666666666667
4551,2100,2094,0.9971428571428571
4552,2100,2094,0.9971428571428571
4554,2100,2074,0.9876190476190476
4555,2100,2094,0.9971428571428571
4556,2100,1861,0.8861904761904762
4557,2100,2094,0.9971428571428571
4558,1077,1071,0.9944289693593314
4560,2100,2094,0.9971428571428571
4561,1996,1988,0.9959919839679359
4562,2100,2094,0.9971428571428571
4563,1974,1955,0.9903748733535968
4564,1816,1812,0.9977973568281938
4566,2076,2070,0.9971098265895953
4568,1916,1822,0.9509394572025052
4569,743,741,0.9973082099596231
4571,1684,1681,0.9982185273159145
4572,1688,1685,0.9982227488151659
4576,1692,1688,0.9976359338061466
4577,1018,1014,0.9960707269155207
4580,1609,1607,0.9987569919204475
4581,1572,1569,0.9980916030534351
4582,63,62,0.9841269841269841
4583,1043,1041,0.9980824544582934
4584,938,859,0.9157782515991472
4585,216,215,0.9953703703703703
4588,618,616,0.9967637540453075
4590,133,132,0.9924812030075187
4609,2100,1870,0.8904761904761904
4702,2100,2084,0.9923809523809524
4706,2100,2015,0.9595238095238096
4707,2100,2095,0.9976190476190476
4711,2100,2060,0.9809523809523809
4712,1639,1304,0.7956070774862721
4714,2100,2095,0.9976190476190476
4716,2100,2094,0.9971428571428571
4720,2100,2094,0.9971428571428571
4721,2100,2095,0.9976190476190476
4722,2100,2094,0.9971428571428571
4725,744,733,0.9852150537634409
4726,2100,2095,0.9976190476190476
4728,2100,2069,0.9852380952380952
4729,2100,2086,0.9933333333333333
4735,2100,2089,0.9947619047619047
4736,0,0,0.0
4736,643,0,0.0
4737,2100,2094,0.9971428571428571
4739,0,0,0.0
4739,2100,2094,0.9971428571428571
4741,2100,2043,0.9728571428571429
4743,2100,2092,0.9961904761904762
4744,1974,1969,0.997467071935157
4745,2100,2093,0.9966666666666667
4746,2100,2094,0.9971428571428571
4747,2100,2008,0.9561904761904761
4749,384,383,0.9973958333333334
4754,2100,2034,0.9685714285714285
4755,2100,2094,0.9971428571428571
4760,1806,1803,0.9983388704318937
4762,0,0,0.0
4763,2100,2094,0.9971428571428571
4764,2098,2092,0.9971401334604385
4766,1877,1872,0.9973361747469366
4767,1899,1719,0.9052132701421801
4768,1060,1059,0.9990566037735849
4770,1129,1127,0.9982285208148804
4771,591,589,0.9966159052453468
4772,464,462,0.9956896551724138
4803,974,963,0.9887063655030801
4804,2100,1883,0.8966666666666666
4806,2100,1871,0.8909523809523809
4807,2100,2094,0.9971428571428571
4903,2100,2089,0.9947619047619047
4904,2100,2094,0.9971428571428571
4905,2100,1875,0.8928571428571429
4906,2100,2094,0.9971428571428571
4907,2100,2087,0.9938095238095238
4908,2100,2095,0.9976190476190476
4909,2100,2095,0.9976190476190476
4911,2100,2083,0.991904761904762
4912,2100,2094,0.9971428571428571
4915,2100,2094,0.9971428571428571
4916,2100,2094,0.9971428571428571
4919,2100,2094,0.9971428571428571
4923,1080,1079,0.9990740740740741
4924,2100,2077,0.9890476190476191
4927,2100,2094,0.9971428571428571
4930,2100,2094,0.9971428571428571
4931,1684,1682,0.998812351543943
4933,2100,2095,0.9976190476190476
4934,2100,2094,0.9971428571428571
4935,2100,2094,0.9971428571428571
4938,2100,2094,0.9971428571428571
4939,2100,2094,0.9971428571428571
4942,2100,2094,0.9971428571428571
4943,2100,2094,0.9971428571428571
4944,1420,1368,0.9633802816901409
4945,0,0,0.0
4946,2100,2066,0.9838095238095238
4947,583,574,0.9845626072041166
4949,556,554,0.9964028776978417
4950,2100,1764,0.84
4951,918,917,0.9989106753812637
4952,2100,2094,0.9971428571428571
4953,2100,2095,0.9976190476190476
4956,2100,2094,0.9971428571428571
4958,2100,2094,0.9971428571428571
4960,2100,2094,0.9971428571428571
4961,1907,1902,0.9973780807551127
4965,112,107,0.9553571428571429
4966,2100,2094,0.9971428571428571
4967,1845,1841,0.9978319783197832
4968,2100,2094,0.9971428571428571
4971,2100,2094,0.9971428571428571
4972,2100,2092,0.9961904761904762
4973,2100,2095,0.9976190476190476
4974,2100,2095,0.9976190476190476
4976,2100,2094,0.9971428571428571
4977,2100,2094,0.9971428571428571
4979,2100,2095,0.9976190476190476
4984,163,156,0.9570552147239264
4987,2042,2004,0.9813907933398629
4989,1984,1979,0.9974798387096774
4991,2100,2095,0.9976190476190476
4994,2100,2094,0.9971428571428571
4995,2100,2084,0.9923809523809524
4999,2100,2094,0.9971428571428571
5007,2100,2097,0.9985714285714286
5009,2100,2094,0.9971428571428571
5011,2100,2008,0.9561904761904761
5013,2100,1935,0.9214285714285714
5014,2100,2095,0.9976190476190476
5015,2100,2093,0.9966666666666667
5016,2100,1995,0.95
5102,1105,1093,0.9891402714932127
5201,2100,2077,0.9890476190476191
5202,2100,2023,0.9633333333333334
5203,2100,2094,0.9971428571428571
5205,2100,1292,0.6152380952380953
5206,2100,2092,0.9961904761904762
5209,2100,2065,0.9833333333333333
5210,2100,2077,0.9890476190476191
5211,2100,2091,0.9957142857142857
5212,2100,1957,0.9319047619047619
5213,2100,2088,0.9942857142857143
5215,2100,2094,0.9971428571428571
5220,2027,2018,0.9955599407992106
5222,1171,1169,0.9982920580700256
5223,1982,1968,0.992936427850656
5225,2100,2094,0.9971428571428571
5227,2100,2067,0.9842857142857143
5228,1034,990,0.9574468085106383
5230,2100,2094,0.9971428571428571
5234,2100,2094,0.9971428571428571
5236,0,0,0.0
5236,26,0,0.0
5243,2100,2094,0.9971428571428571
5244,1110,1107,0.9972972972972973
5245,2100,2094,0.9971428571428571
5251,2100,2092,0.9961904761904762
5255,225,217,0.9644444444444444
5258,2100,2094,0.9971428571428571
5259,494,350,0.708502024291498
5263,2100,2094,0.9971428571428571
5264,743,736,0.990578734858681
5269,2100,2094,0.9971428571428571
5272,2100,2095,0.9976190476190476
5274,2100,2095,0.9976190476190476
5276,2100,1847,0.8795238095238095
5278,2100,2067,0.9842857142857143
5281,1419,1369,0.9647639182522904
5283,1763,1759,0.9977311401020987
5284,0,0,0.0
5284,2100,2094,0.9971428571428571
5285,2100,2094,0.9971428571428571
5287,2100,2075,0.9880952380952381
5288,2100,2094,0.9971428571428571
5289,2100,2095,0.9976190476190476
5291,2100,2095,0.9976190476190476
5292,666,664,0.996996996996997
5299,2085,2080,0.9976019184652278
5301,2100,2058,0.98
5302,2100,2095,0.9976190476190476
5304,704,670,0.9517045454545454
5305,710,706,0.9943661971830986
5306,0,0,0.0
5306,1084,0,0.0
5309,2100,2090,0.9952380952380953
5310,2100,2033,0.9680952380952381
5312,2100,2093,0.9966666666666667
5314,2100,1991,0.9480952380952381
5315,2100,2095,0.9976190476190476
5317,425,405,0.9529411764705882
5321,2100,2071,0.9861904761904762
5324,2100,2092,0.9961904761904762
5328,2100,2095,0.9976190476190476
5340,2100,2095,0.9976190476190476
5344,2100,2077,0.9890476190476191
5345,2100,1929,0.9185714285714286
5347,2100,2094,0.9971428571428571
5348,2100,1948,0.9276190476190476
5349,692,684,0.9884393063583815
5351,2100,2088,0.9942857142857143
5353,2100,2095,0.9976190476190476
5355,2100,2093,0.9966666666666667
5356,2100,2090,0.9952380952380953
5364,2100,1710,0.8142857142857143
5371,2100,2095,0.9976190476190476
5381,2100,2014,0.959047619047619
5383,1560,1546,0.9910256410256411
5384,0,0,0.0
5386,2100,2095,0.9976190476190476
5388,2100,2100,1.0
5392,2100,2094,0.9971428571428571
5398,2100,2057,0.9795238095238096
5403,2100,2095,0.9976190476190476
5410,2100,2095,0.9976190476190476
5425,2100,2095,0.9976190476190476
5426,2100,2095,0.9976190476190476
5432,2100,2024,0.9638095238095238
5434,2100,2094,0.9971428571428571
5438,2100,2091,0.9957142857142857
5439,2100,2095,0.9976190476190476
5443,2100,2095,0.9976190476190476
5450,2100,2092,0.9961904761904762
5452,2100,2095,0.9976190476190476
5455,2100,1310,0.6238095238095238
5457,2100,2095,0.9976190476190476
5460,2100,2076,0.9885714285714285
5464,2100,2094,0.9971428571428571
5465,2100,2086,0.9933333333333333
5468,2100,1961,0.9338095238095238
5469,2100,2094,0.9971428571428571
5471,2100,2094,0.9971428571428571
5474,2100,2095,0.9976190476190476
5475,2100,2088,0.9942857142857143
5478,2100,2093,0.9966666666666667
5480,300,291,0.97
5481,2100,1999,0.9519047619047619
5483,2100,2094,0.9971428571428571
5484,2100,2094,0.9971428571428571
5487,2100,1969,0.9376190476190476
5488,2100,2095,0.9976190476190476
5489,2100,2090,0.9952380952380953
5490,2100,2095,0.9976190476190476
5491,0,0,0.0
5493,2100,2079,0.99
5498,2100,2095,0.9976190476190476
5508,2100,2095,0.9976190476190476
5511,2100,2093,0.9966666666666667
5512,2100,2095,0.9976190476190476
5514,2100,1959,0.9328571428571428
5515,2100,2094,0.9971428571428571
5516,2100,1996,0.9504761904761905
5519,2100,2094,0.9971428571428571
5520,2100,2016,0.96
5521,2100,2094,0.9971428571428571
5522,2100,2094,0.9971428571428571
5523,2100,2082,0.9914285714285714
5525,2100,2094,0.9971428571428571
5529,2100,2078,0.9895238095238095
5530,2100,2095,0.9976190476190476
5531,2100,2094,0.9971428571428571
5533,2100,2094,0.9971428571428571
5534,2100,2094,0.9971428571428571
5536,2100,2088,0.9942857142857143
5538,2100,2094,0.9971428571428571
5543,2100,1912,0.9104761904761904
5546,1523,1523,1.0
5547,130,129,0.9923076923076923
5548,591,587,0.9932318104906938
5601,2100,1500,0.7142857142857143
5603,2100,2090,0.9952380952380953
5604,2100,2049,0.9757142857142858
5607,2100,2094,0.9971428571428571
5608,2100,2094,0.9971428571428571
5609,2100,2095,0.9976190476190476
5701,2100,2085,0.9928571428571429
5703,2100,1496,0.7123809523809523
5704,2100,1865,0.888095238095238
5706,2100,2094,0.9971428571428571
5820,1188,1176,0.98989898989899
5864,2042,2036,0.9970617042115573
5871,2100,2094,0.9971428571428571
5876,1905,1900,0.9973753280839895
5878,2100,1800,0.8571428571428571
5880,2100,2094,0.9971428571428571
5902,2100,2025,0.9642857142857143
5903,2100,2090,0.9952380952380953
5904,2100,2088,0.9942857142857143
5905,2100,2095,0.9976190476190476
5906,2100,2094,0.9971428571428571
5907,2100,2094,0.9971428571428571
6005,2100,2094,0.9971428571428571
6015,2100,2095,0.9976190476190476
6016,2100,2095,0.9976190476190476
6020,2100,2094,0.9971428571428571
6021,2100,2041,0.9719047619047619
6022,0,0,0.0
6023,2100,2095,0.9976190476190476
6024,0,0,0.0
6024,2100,2094,0.9971428571428571
6026,2100,2095,0.9976190476190476
6028,99,97,0.9797979797979798
6101,2100,2088,0.9942857142857143
6103,2100,1202,0.5723809523809524
6104,2100,2095,0.9976190476190476
6105,0,0,0.0
6107,0,0,0.0
6108,2100,2094,0.9971428571428571
6109,2100,2059,0.9804761904761905
6111,2100,2095,0.9976190476190476
6112,2100,2094,0.9971428571428571
6113,2100,2095,0.9976190476190476
6114,2100,2094,0.9971428571428571
6115,2100,2094,0.9971428571428571
6116,2100,2094,0.9971428571428571
6117,2100,2094,0.9971428571428571
6118,2100,2095,0.9976190476190476
6120,2100,2094,0.9971428571428571
6121,2100,2095,0.9976190476190476
6122,2100,2090,0.9952380952380953
6123,2100,2095,0.9976190476190476
6124,2100,2071,0.9861904761904762
6125,2100,2095,0.9976190476190476
6126,2100,2094,0.9971428571428571
6127,2100,2095,0.9976190476190476
6128,2100,2094,0.9971428571428571
6129,2100,2095,0.9976190476190476
6130,2100,2055,0.9785714285714285
6131,852,480,0.5633802816901409
6133,2100,2094,0.9971428571428571
6134,2100,2086,0.9933333333333333
6136,2100,2094,0.9971428571428571
6138,2100,2089,0.9947619047619047
6139,2100,2094,0.9971428571428571
6140,2100,2014,0.959047619047619
6141,2100,2094,0.9971428571428571
6142,2100,2094,0.9971428571428571
6143,2100,2095,0.9976190476190476
6144,2100,1800,0.8571428571428571
6145,182,173,0.9505494505494505
6146,2100,2095,0.9976190476190476
6147,2100,2095,0.9976190476190476
6148,2100,2081,0.9909523809523809
6150,2100,2095,0.9976190476190476
6151,2100,2094,0.9971428571428571
6152,2100,2094,0.9971428571428571
6153,2100,2094,0.9971428571428571
6154,2100,2083,0.991904761904762
6155,2100,2094,0.9971428571428571
6156,2100,2095,0.9976190476190476
6158,2100,2090,0.9952380952380953
6160,2100,2095,0.9976190476190476
6161,2100,2082,0.9914285714285714
6163,2100,2095,0.9976190476190476
6164,2100,2094,0.9971428571428571
6165,2100,2094,0.9971428571428571
6166,2100,2094,0.9971428571428571
6167,2100,2088,0.9942857142857143
6168,2100,2094,0.9971428571428571
6169,2100,2087,0.9938095238095238
6170,2100,2095,0.9976190476190476
6171,2100,2043,0.9728571428571429
6172,1093,923,0.8444647758462946
6173,2100,2095,0.9976190476190476
6174,2100,2091,0.9957142857142857
6175,2100,2095,0.9976190476190476
6176,2100,2094,0.9971428571428571
6177,2100,2094,0.9971428571428571
6179,2100,2094,0.9971428571428571
6180,2100,2095,0.9976190476190476
6182,2100,2095,0.9976190476190476
6183,2100,2094,0.9971428571428571
6184,2100,2094,0.9971428571428571
6185,2100,2095,0.9976190476190476
6186,2100,2095,0.9976190476190476
6187,2100,2095,0.9976190476190476
6188,2100,2095,0.9976190476190476
6189,2100,2094,0.9971428571428571
6190,2100,2095,0.9976190476190476
6191,2100,2094,0.9971428571428571
6192,2100,2094,0.9971428571428571
6194,2100,2081,0.9909523809523809
6195,2100,2082,0.9914285714285714
6196,2100,2094,0.9971428571428571
6197,2100,2094,0.9971428571428571
6198,2100,1672,0.7961904761904762
6199,2100,1871,0.8909523809523809
6201,2100,2094,0.9971428571428571
6202,2100,2094,0.9971428571428571
6203,2100,2095,0.9976190476190476
6204,2100,2084,0.9923809523809524
6205,2100,2094,0.9971428571428571
6206,2100,2094,0.9971428571428571
6207,2100,2088,0.9942857142857143
6208,2100,2088,0.9942857142857143
6209,2100,2094,0.9971428571428571
6210,2100,2066,0.9838095238095238
6212,2100,1711,0.8147619047619048
6213,2100,2094,0.9971428571428571
6214,2100,2094,0.9971428571428571
6215,2100,2094,0.9971428571428571
6216,2100,2094,0.9971428571428571
6217,2100,2095,0.9976190476190476
6218,2100,2092,0.9961904761904762
6219,2100,2090,0.9952380952380953
6220,2100,2095,0.9976190476190476
6221,2100,2071,0.9861904761904762
6222,2100,1830,0.8714285714285714
6223,2100,2095,0.9976190476190476
6224,2100,2094,0.9971428571428571
6225,2100,2094,0.9971428571428571
6226,2100,2094,0.9971428571428571
6227,2100,2095,0.9976190476190476
6228,2100,2035,0.969047619047619
6229,2100,2093,0.9966666666666667
6230,2100,2094,0.9971428571428571
6231,2100,2095,0.9976190476190476
6233,2100,2095,0.9976190476190476
6234,2100,2095,0.9976190476190476
6235,2100,2094,0.9971428571428571
6236,2100,1000,0.47619047619047616
6237,2100,2095,0.9976190476190476
6238,599,589,0.9833055091819699
6239,2100,2094,0.9971428571428571
6240,2100,2029,0.9661904761904762
6241,2100,2052,0.9771428571428571
6242,2100,1996,0.9504761904761905
6243,2100,2094,0.9971428571428571
6244,2100,2088,0.9942857142857143
6245,2100,2095,0.9976190476190476
6246,2100,2040,0.9714285714285714
6247,1244,1052,0.8456591639871383
6248,2100,2041,0.9719047619047619
6251,1134,1118,0.9858906525573192
6257,2100,2094,0.9971428571428571
6259,2100,1957,0.9319047619047619
6261,2100,2095,0.9976190476190476
6263,2100,2095,0.9976190476190476
6264,2100,2084,0.9923809523809524
6265,2100,2094,0.9971428571428571
6266,2100,2095,0.9976190476190476
6269,2100,2094,0.9971428571428571
6270,2100,2095,0.9976190476190476
6271,2100,2094,0.9971428571428571
6272,159,158,0.9937106918238994
6274,2100,2095,0.9976190476190476
6275,2100,2094,0.9971428571428571
6276,2100,2063,0.9823809523809524
6277,2100,2094,0.9971428571428571
6278,2100,2094,0.9971428571428571
6279,2100,2095,0.9976190476190476
6281,2100,2094,0.9971428571428571
6282,2100,2094,0.9971428571428571
6283,2100,2094,0.9971428571428571
6284,2100,2088,0.9942857142857143
6285,2100,2094,0.9971428571428571
6287,1815,1572,0.8661157024793389
6288,0,0,0.0
6289,1155,1139,0.9861471861471861
6290,2100,2095,0.9976190476190476
6291,2100,1888,0.8990476190476191
6292,2100,2091,0.9957142857142857
6294,2100,2093,0.9966666666666667
6298,182,172,0.945054945054945
6404,1581,1267,0.8013915243516762
6405,2100,2094,0.9971428571428571
6409,2100,2094,0.9971428571428571
6411,2100,2095,0.9976190476190476
6412,2100,2094,0.9971428571428571
6414,2100,2094,0.9971428571428571
6415,2100,2094,0.9971428571428571
6416,2035,2030,0.9975429975429976
6417,2100,2007,0.9557142857142857
6418,1827,1815,0.993431855500821
6419,2100,2055,0.9785714285714285
6422,181,176,0.9723756906077348
6423,138,137,0.9927536231884058
6423,0,0,0.0
6425,1841,1829,0.993481803367735
6426,0,0,0.0
6426,1317,0,0.0
6431,2100,2094,0.9971428571428571
6432,2100,2094,0.9971428571428571
6435,2100,2095,0.9976190476190476
6438,0,0,0.0
6438,1355,0,0.0
6441,2100,2085,0.9928571428571429
6442,2100,2094,0.9971428571428571
6443,2100,2094,0.9971428571428571
6446,0,0,0.0
6446,620,0,0.0
6449,2100,2094,0.9971428571428571
6451,2100,2094,0.9971428571428571
6452,789,639,0.8098859315589354
6456,2100,2094,0.9971428571428571
6457,1705,1694,0.9935483870967742
6461,2046,2041,0.9975562072336266
6462,2100,2094,0.9971428571428571
6464,2100,2094,0.9971428571428571
6465,2100,2043,0.9728571428571429
6469,2100,2095,0.9976190476190476
6470,2100,2095,0.9976190476190476
6472,0,0,0.0
6472,646,0,0.0
6474,178,176,0.9887640449438202
6477,2100,2094,0.9971428571428571
6482,2100,1842,0.8771428571428571
6485,2100,2095,0.9976190476190476
6486,2100,2090,0.9952380952380953
6488,2100,2095,0.9976190476190476
6491,1671,1668,0.9982046678635548
6492,2100,2094,0.9971428571428571
6494,2100,2094,0.9971428571428571
6496,2100,2066,0.9838095238095238
6497,644,640,0.9937888198757764
6498,308,307,0.9967532467532467
6499,2100,2094,0.9971428571428571
6504,2100,2094,0.9971428571428571
6505,2100,2094,0.9971428571428571
6506,2100,2091,0.9957142857142857
6508,2100,2095,0.9976190476190476
6509,2100,2095,0.9976190476190476
6510,2100,2095,0.9976190476190476
6512,2100,2008,0.9561904761904761
6514,1653,1634,0.9885057471264368
6515,1354,1351,0.9977843426883308
6516,1777,1774,0.9983117613956106
6517,888,887,0.9988738738738738
6523,2100,2093,0.9966666666666667
6525,2100,2094,0.9971428571428571
6526,689,687,0.9970972423802612
6527,1616,1606,0.9938118811881188
6530,2085,2067,0.9913669064748202
6531,2100,2094,0.9971428571428571
6532,2100,2095,0.9976190476190476
6533,2100,2094,0.9971428571428571
6534,644,642,0.9968944099378882
6535,2100,2093,0.9966666666666667
6538,2100,2078,0.9895238095238095
6541,2100,2094,0.9971428571428571
6542,2100,1919,0.9138095238095238
6546,1032,1031,0.999031007751938
6547,2034,2029,0.9975417895771878
6548,2100,2080,0.9904761904761905
6550,1024,1022,0.998046875
6552,2100,2094,0.9971428571428571
6554,97,91,0.9381443298969072
6556,2100,2068,0.9847619047619047
6558,1872,1867,0.9973290598290598
6560,2100,2093,0.9966666666666667
6561,2000,1995,0.9975
6568,2100,2095,0.9976190476190476
6569,2100,2083,0.991904761904762
6570,2100,2074,0.9876190476190476
6573,2100,2094,0.9971428571428571
6574,2100,1658,0.7895238095238095
6576,1983,1979,0.9979828542612204
6577,2100,2076,0.9885714285714285
6578,1926,1922,0.9979231568016614
6579,2100,2094,0.9971428571428571
6581,2080,2074,0.9971153846153846
6582,2100,2094,0.9971428571428571
6584,793,792,0.9987389659520807
6585,1034,1034,1.0
6588,1495,1484,0.9926421404682274
6589,0,0,0.0
6589,265,0,0.0
6590,1858,1812,0.9752421959095802
6591,2100,2094,0.9971428571428571
6592,1628,1625,0.9981572481572482
6593,2100,1994,0.9495238095238095
6594,1278,1261,0.986697965571205
6596,2098,2084,0.9933269780743565
6597,316,296,0.9367088607594937
6598,1509,1506,0.9980119284294234
6603,2100,2095,0.9976190476190476
6605,2100,2094,0.9971428571428571
6606,828,828,1.0
6609,2100,2095,0.9976190476190476
6612,1970,1964,0.9969543147208122
6613,2100,2088,0.9942857142857143
6614,178,177,0.9943820224719101
6615,2086,2032,0.9741131351869607
6616,2094,2053,0.9804202483285578
6617,529,528,0.998109640831758
6620,158,157,0.9936708860759493
6624,1761,1661,0.9432140829074389
6625,2074,2068,0.9971070395371263
6629,1754,1597,0.9104903078677309
6637,529,528,0.998109640831758
6640,1903,1865,0.9800315291644771
6641,1923,1918,0.9973998959958398
6642,1680,1662,0.9892857142857143
6643,1838,1835,0.9983677910772579
6645,644,642,0.9968944099378882
6649,1755,1739,0.9908831908831909
6651,1346,1344,0.9985141158989599
6654,1903,1850,0.9721492380451918
6655,1877,1872,0.9973361747469366
6657,776,774,0.9974226804123711
6658,679,677,0.9970544918998527
6661,1349,1306,0.9681245366938473
6662,1803,1727,0.9578480310593456
6664,1930,1926,0.9979274611398964
6666,1884,1879,0.9973460721868365
6667,1888,1884,0.9978813559322034
6668,1867,1862,0.9973219068023568
6669,1802,1798,0.9977802441731409
6670,1863,1858,0.9973161567364466
6671,1868,1863,0.9973233404710921
6672,1789,1785,0.9977641140301845
6674,1877,1872,0.9973361747469366
6679,1774,1771,0.9983089064261556
6680,1685,1401,0.8314540059347181
6683,1785,1782,0.9983193277310924
6684,1221,1219,0.9983619983619983
6689,954,954,1.0
6690,1656,1650,0.9963768115942029
6691,1122,1120,0.9982174688057041
6692,614,610,0.993485342019544
6693,1089,1088,0.9990817263544536
6695,917,915,0.9978189749182116
6697,1615,1553,0.961609907120743
6698,1638,1635,0.9981684981684982
6702,0,0,0.0
6703,1419,1417,0.9985905567300916
6706,1620,1617,0.9981481481481481
6708,878,861,0.9806378132118451
6712,1362,1359,0.9977973568281938
6715,1625,1622,0.9981538461538462
6716,1558,1548,0.993581514762516
6719,1114,1111,0.9973070017953322
6720,415,413,0.9951807228915662
6721,1048,996,0.950381679389313
6722,142,141,0.9929577464788732
6725,154,153,0.9935064935064936
6727,1389,1387,0.9985601151907847
6728,1371,1365,0.9956236323851203
6730,167,163,0.9760479041916168
6732,1510,1508,0.9986754966887417
6733,1348,1346,0.9985163204747775
6735,1048,1036,0.9885496183206107
6739,477,476,0.9979035639412998
6741,1276,1274,0.9984326018808778
6742,656,654,0.9969512195121951
6743,1380,1377,0.9978260869565218
6747,0,0,0.0
6751,1371,1349,0.9839533187454412
6752,1382,1314,0.9507959479015919
6753,838,836,0.9976133651551312
6754,1456,1453,0.9979395604395604
6756,1372,1369,0.9978134110787172
6757,733,733,1.0
6761,1161,1159,0.9982773471145564
6762,1376,1171,0.8510174418604651
6763,1079,1070,0.9916589434661723
6767,1351,1331,0.9851961509992598
6768,1298,1296,0.9984591679506933
6770,1141,1139,0.9982471516213848
6771,550,550,1.0
6776,1312,1309,0.9977134146341463
6781,1319,1316,0.9977255496588324
6782,901,899,0.9977802441731409
6785,621,620,0.998389694041868
6788,1188,1187,0.9991582491582491
6789,1006,1004,0.9980119284294234
6790,1188,1186,0.9983164983164983
6791,911,909,0.9978046103183315
6792,1139,1139,1.0
6794,548,546,0.9963503649635036
6796,1026,1024,0.9980506822612085
6799,1040,1038,0.9980769230769231
6803,2100,2092,0.9961904761904762
6804,1067,1058,0.9915651358950328
6805,674,672,0.9970326409495549
6806,0,0,0.0
6807,1052,1050,0.9980988593155894
6811,978,977,0.9989775051124744
6821,791,790,0.9987357774968394
6823,1006,998,0.9920477137176938
6829,1081,1080,0.9990749306197965
6830,962,960,0.997920997920998
6831,178,177,0.9943820224719101
6834,961,959,0.9979188345473465
6835,913,911,0.9978094194961665
6838,491,489,0.9959266802443992
6840,828,808,0.9758454106280193
6841,845,844,0.9988165680473373
6843,906,887,0.9790286975717439
6844,597,583,0.9765494137353434
6846,796,779,0.9786432160804021
6854,971,968,0.9969104016477858
6855,937,881,0.9402347918890075
6856,683,600,0.8784773060029283
6859,901,898,0.9966703662597114
6861,827,825,0.9975816203143894
6862,444,442,0.9954954954954955
6863,831,827,0.9951865222623345
6865,870,857,0.9850574712643678
6869,836,834,0.9976076555023924
6870,711,710,0.9985935302390999
6872,357,356,0.9971988795518207
6873,460,458,0.9956521739130435
6874,889,888,0.9988751406074241
6875,585,584,0.9982905982905983
6877,772,771,0.9987046632124352
6881,548,508,0.927007299270073
6884,162,155,0.9567901234567902
6885,407,405,0.995085995085995
6887,356,351,0.9859550561797753
6890,533,531,0.9962476547842402
6894,660,651,0.9863636363636363
6895,728,727,0.9986263736263736
6899,578,573,0.9913494809688581
6901,708,706,0.9971751412429378
6902,755,750,0.9933774834437086
6903,533,532,0.99812382739212
6904,656,560,0.8536585365853658
6906,628,626,0.9968152866242038
6907,133,132,0.9924812030075187
6908,102,101,0.9901960784313726
6909,307,305,0.993485342019544
6910,166,165,0.9939759036144579
6913,457,456,0.9978118161925602
6914,560,558,0.9964285714285714
6916,656,654,0.9969512195121951
6918,294,292,0.9931972789115646
6919,456,451,0.9890350877192983
6921,158,156,0.9873417721518988
6922,674,673,0.9985163204747775
6923,461,459,0.9956616052060737
6924,416,411,0.9879807692307693
6925,302,301,0.9966887417218543
6928,551,549,0.9963702359346642
6929,583,558,0.9571183533447685
6931,386,384,0.9948186528497409
6933,675,673,0.997037037037037
6934,131,130,0.9923664122137404
6936,323,321,0.9938080495356038
6937,651,649,0.9969278033794163
6944,302,300,0.9933774834437086
6945,53,52,0.9811320754716981
6947,21,20,0.9523809523809523
6949,597,595,0.9966499162479062
6951,529,527,0.996219281663516
6952,532,530,0.9962406015037594
6953,554,549,0.9909747292418772
6955,413,411,0.9951573849878934
6957,524,520,0.9923664122137404
6958,486,484,0.9958847736625515
6961,138,137,0.9927536231884058
6962,421,419,0.995249406175772
6965,357,355,0.9943977591036415
6967,461,456,0.9891540130151844
6968,490,488,0.9959183673469387
6969,472,470,0.9957627118644068
6971,213,212,0.9953051643192489
6982,405,404,0.9975308641975309
6983,62,61,0.9838709677419355
6986,39,38,0.9743589743589743
6988,444,442,0.9954954954954955
6994,386,384,0.9948186528497409
6996,411,410,0.9975669099756691
6997,407,361,0.8869778869778869
7402,2100,1996,0.9504761904761905
7547,259,258,0.9961389961389961
7556,1411,1393,0.9872430900070872
7584,503,498,0.9900596421471173
7610,229,229,1.0
7631,353,351,0.9943342776203966
7642,306,305,0.9967320261437909
7689,18,17,0.9444444444444444
7703,430,429,0.9976744186046511
7704,407,404,0.9926289926289926
7705,421,419,0.995249406175772
7708,428,423,0.9883177570093458
7709,364,352,0.967032967032967
7711,182,180,0.989010989010989
7712,399,397,0.9949874686716792
7713,365,350,0.958904109589041
7714,386,385,0.9974093264248705
7715,386,385,0.9974093264248705
7716,198,160,0.8080808080808081
7717,184,183,0.9945652173913043
7718,350,347,0.9914285714285714
7721,259,257,0.9922779922779923
7722,414,414,1.0
7723,321,320,0.9968847352024922
7728,358,357,0.9972067039106145
7730,193,192,0.9948186528497409
7732,387,385,0.9948320413436692
7734,363,362,0.9972451790633609
7736,350,350,1.0
7738,205,204,0.9951219512195122
7740,290,288,0.993103448275862
7743,308,295,0.9577922077922078
7744,176,175,0.9943181818181818
7747,271,263,0.9704797047970479
7749,291,289,0.993127147766323
7750,223,222,0.9955156950672646
7751,239,238,0.99581589958159
7753,250,249,0.996
7757,203,202,0.9950738916256158
7760,80,79,0.9875
7765,230,229,0.9956521739130435
7767,167,164,0.9820359281437125
7768,74,73,0.9864864864864865
7769,176,175,0.9943181818181818
7770,167,162,0.9700598802395209
7772,73,72,0.9863013698630136
7777,159,158,0.9937106918238994
7780,229,228,0.9956331877729258
7782,198,188,0.9494949494949495
7786,183,182,0.994535519125683
7788,205,204,0.9951219512195122
7791,198,197,0.9949494949494949
7792,134,133,0.9925373134328358
7794,86,84,0.9767441860465116
7795,142,141,0.9929577464788732
7799,225,224,0.9955555555555555
7803,65,64,0.9846153846153847
7805,159,158,0.9937106918238994
7810,158,157,0.9936708860759493
7811,102,101,0.9901960784313726
7814,26,25,0.9615384615384616
7818,67,66,0.9850746268656716
7819,60,59,0.9833333333333333
7820,81,80,0.9876543209876543
7821,86,85,0.9883720930232558
7822,99,98,0.98989898989899
7823,128,127,0.9921875
7827,58,58,1.0
7828,84,83,0.9880952380952381
7835,20,19,0.95
7839,47,46,0.9787234042553191
7842,72,70,0.9722222222222222
7855,8,5,0.625
8011,2100,2094,0.9971428571428571
8016,2100,2094,0.9971428571428571
8021,2100,2094,0.9971428571428571
8024,2100,2090,0.9952380952380953
8027,2100,2095,0.9976190476190476
8028,1976,1971,0.9974696356275303
8032,2100,2064,0.9828571428571429
8033,2100,2094,0.9971428571428571
8034,2100,2088,0.9942857142857143
8038,2100,2095,0.9976190476190476
8039,2100,2094,0.9971428571428571
8040,2100,2088,0.9942857142857143
8042,2100,2093,0.9966666666666667
8043,2100,2095,0.9976190476190476
8044,2100,2093,0.9966666666666667
8045,410,408,0.9951219512195122
8046,2100,2094,0.9971428571428571
8047,2100,2003,0.9538095238095238
8048,2100,2094,0.9971428571428571
8049,2100,2095,0.9976190476190476
8050,2100,2094,0.9971428571428571
8054,2100,2095,0.9976190476190476
8059,2100,2094,0.9971428571428571
8064,2100,2095,0.9976190476190476
8066,2100,2090,0.9952380952380953
8067,2100,1871,0.8909523809523809
8068,2100,2092,0.9961904761904762
8069,2100,2095,0.9976190476190476
8070,2100,2094,0.9971428571428571
8071,2100,2095,0.9976190476190476
8072,2100,2094,0.9971428571428571
8074,2100,2095,0.9976190476190476
8076,2100,2095,0.9976190476190476
8077,2100,1586,0.7552380952380953
8080,2100,1772,0.8438095238095238
8081,2100,2094,0.9971428571428571
8083,2100,2095,0.9976190476190476
8084,2100,2086,0.9933333333333333
8085,2100,2088,0.9942857142857143
8086,2100,2094,0.9971428571428571
8087,2100,1931,0.9195238095238095
8088,2100,2095,0.9976190476190476
8089,1435,1432,0.9979094076655052
8091,2100,2095,0.9976190476190476
8092,2100,2095,0.9976190476190476
8093,2100,2075,0.9880952380952381
8096,2100,2095,0.9976190476190476
8097,2100,2091,0.9957142857142857
8099,2100,2095,0.9976190476190476
8101,2100,2094,0.9971428571428571
8102,159,152,0.9559748427672956
8103,2100,2094,0.9971428571428571
8104,1842,1838,0.997828447339848
8105,2100,2094,0.9971428571428571
8107,2100,2095,0.9976190476190476
8109,2100,2095,0.9976190476190476
8110,2100,2094,0.9971428571428571
8111,2100,2095,0.9976190476190476
8112,2100,2094,0.9971428571428571
8114,2100,2094,0.9971428571428571
8121,2100,2095,0.9976190476190476
8131,2100,2094,0.9971428571428571
8147,2100,2081,0.9909523809523809
8150,2100,2094,0.9971428571428571
8155,2100,2095,0.9976190476190476
8162,598,596,0.9966555183946488
8163,2100,2094,0.9971428571428571
8171,2100,2089,0.9947619047619047
8176,2100,2095,0.9976190476190476
8182,2100,2095,0.9976190476190476
8183,2100,2095,0.9976190476190476
8201,2100,2094,0.9971428571428571
8210,2100,2094,0.9971428571428571
8213,2100,2094,0.9971428571428571
8215,2100,2094,0.9971428571428571
8222,2100,2094,0.9971428571428571
8227,885,884,0.9988700564971752
8234,2100,2095,0.9976190476190476
8240,2100,2093,0.9966666666666667
8249,2100,2094,0.9971428571428571
8255,2100,2095,0.9976190476190476
8261,2100,2094,0.9971428571428571
8271,2100,2094,0.9971428571428571
8272,444,438,0.9864864864864865
8277,2100,2095,0.9976190476190476
8279,2100,2056,0.979047619047619
8284,1525,1517,0.9947540983606558
8287,570,562,0.9859649122807017
8289,2100,2089,0.9947619047619047
8291,2100,1366,0.6504761904761904
8299,2100,2095,0.9976190476190476
8341,2100,2094,0.9971428571428571
8342,2100,1895,0.9023809523809524
8349,2100,2091,0.9957142857142857
8354,2100,2084,0.9923809523809524
8358,2100,2095,0.9976190476190476
8367,1930,1925,0.9974093264248705
8374,2100,2094,0.9971428571428571
8383,2100,2095,0.9976190476190476
8390,2100,2088,0.9942857142857143
8401,2100,2095,0.9976190476190476
8403,2100,2095,0.9976190476190476
8404,2100,2094,0.9971428571428571
8406,1052,1041,0.9895437262357415
8409,2100,2054,0.9780952380952381
8410,2100,2071,0.9861904761904762
8411,2100,2094,0.9971428571428571
8415,2100,2095,0.9976190476190476
8416,2100,2063,0.9823809523809524
8418,1484,1437,0.9683288409703504
8420,1682,1602,0.9524375743162902
8421,2100,2087,0.9938095238095238
8422,2100,2094,0.9971428571428571
8423,2100,1845,0.8785714285714286
8424,2100,2036,0.9695238095238096
8426,2100,2040,0.9714285714285714
8427,1013,872,0.8608094768015795
8429,2100,2094,0.9971428571428571
8431,2100,2095,0.9976190476190476
8432,2100,2094,0.9971428571428571
8433,2100,2083,0.991904761904762
8435,2100,2090,0.9952380952380953
8436,2100,2095,0.9976190476190476
8437,2100,2086,0.9933333333333333
8438,1081,1079,0.9981498612395929
8440,2046,2040,0.9970674486803519
8442,2100,2094,0.9971428571428571
8443,2100,2094,0.9971428571428571
8444,2100,2057,0.9795238095238096
8446,2100,2094,0.9971428571428571
8450,2100,2092,0.9961904761904762
8454,2100,2094,0.9971428571428571
8455,2100,1803,0.8585714285714285
8462,1810,0,0.0
8463,2100,2094,0.9971428571428571
8464,2100,2094,0.9971428571428571
8466,2100,2094,0.9971428571428571
8467,2100,2094,0.9971428571428571
8472,2100,1950,0.9285714285714286
8473,2100,2094,0.9971428571428571
8476,0,0,0.0
8476,681,0,0.0
8477,2100,2081,0.9909523809523809
8478,2100,2094,0.9971428571428571
8480,1216,1125,0.9251644736842105
8481,2100,2094,0.9971428571428571
8482,1950,1879,0.9635897435897436
8487,585,583,0.9965811965811966
8488,2100,2094,0.9971428571428571
8489,2100,2093,0.9966666666666667
8497,0,0,0.0
8499,2100,2094,0.9971428571428571
8905,2100,2043,0.9728571428571429
8906,2100,1973,0.9395238095238095
8908,2100,2060,0.9809523809523809
8916,2100,2095,0.9976190476190476
8917,2100,1632,0.7771428571428571
8921,2100,1318,0.6276190476190476
8923,2100,1646,0.7838095238095238
8924,2100,2088,0.9942857142857143
8926,2100,2094,0.9971428571428571
8927,2100,2084,0.9923809523809524
8928,2100,2090,0.9952380952380953
8929,2100,2075,0.9880952380952381
8930,2100,2095,0.9976190476190476
8931,2100,2081,0.9909523809523809
8932,2100,2072,0.9866666666666667
8933,2100,2088,0.9942857142857143
8934,702,421,0.5997150997150997
8935,2100,2093,0.9966666666666667
8936,2100,2095,0.9976190476190476
8937,2100,2074,0.9876190476190476
8938,2100,2094,0.9971428571428571
8940,2100,2094,0.9971428571428571
8941,2100,2000,0.9523809523809523
8942,2100,2095,0.9976190476190476
8996,2100,2094,0.9971428571428571
9103,2100,2094,0.9971428571428571
9105,2100,2094,0.9971428571428571
9110,2100,2094,0.9971428571428571
9136,2100,2094,0.9971428571428571
9802,2100,2094,0.9971428571428571
9902,2100,2094,0.9971428571428571
9904,2100,2094,0.9971428571428571
9905,2100,2094,0.9971428571428571
9906,2100,2094,0.9971428571428571
9907,2100,2094,0.9971428571428571
9908,2100,2094,0.9971428571428571
9910,2100,2094,0.9971428571428571
9911,2100,2094,0.9971428571428571
9912,2100,2094,0.9971428571428571
9914,2100,2094,0.9971428571428571
9917,2100,2094,0.9971428571428571
9918,2100,2094,0.9971428571428571
9919,2100,2094,0.9971428571428571
9921,2100,2094,0.9971428571428571
9924,2100,2094,0.9971428571428571
9925,2100,2094,0.9971428571428571
9926,2100,2094,0.9971428571428571
9927,2100,2094,0.9971428571428571
9928,2100,2094,0.9971428571428571
9929,2100,2094,0.9971428571428571
9930,2100,2094,0.9971428571428571
9931,2100,2094,0.9971428571428571
9933,2100,2094,0.9971428571428571
9934,2100,2094,0.9971428571428571
9935,2100,2094,0.9971428571428571
9937,2100,2094,0.9971428571428571
9938,2100,2094,0.9971428571428571
9939,2100,2094,0.9971428571428571
9940,2100,2094,0.9971428571428571
9941,2100,2094,0.9971428571428571
9942,2100,2094,0.9971428571428571
9943,2100,2094,0.9971428571428571
9944,2100,2094,0.9971428571428571
9945,2100,2086,0.9933333333333333
9946,2100,2094,0.9971428571428571
9949,2100,2058,0.98
9950,2100,2015,0.9595238095238096
9951,2100,2095,0.9976190476190476
9955,2100,2094,0.9971428571428571
9958,2100,2100,1.0
9960,2100,1968,0.9371428571428572
9962,2100,2091,0.9957142857142857
