date,expected_symbols,covered_symbols,coverage_pct
2018-01-02,1633,1633,1.0
2018-01-03,1633,1633,1.0
2018-01-04,1635,1635,1.0
2018-01-05,1635,1635,1.0
2018-01-08,1635,1635,1.0
2018-01-09,1635,1635,1.0
2018-01-10,1636,1636,1.0
2018-01-11,1637,1637,1.0
2018-01-12,1637,1637,1.0
2018-01-15,1637,1637,1.0
2018-01-16,1637,1637,1.0
2018-01-17,1637,1637,1.0
2018-01-18,1637,1637,1.0
2018-01-19,1637,1637,1.0
2018-01-22,1639,1639,1.0
2018-01-23,1642,1642,1.0
2018-01-24,1642,1642,1.0
2018-01-25,1642,1642,1.0
2018-01-26,1642,1642,1.0
2018-01-29,1642,1642,1.0
2018-01-30,1643,1643,1.0
2018-01-31,1643,1643,1.0
2018-02-01,1643,1643,1.0
2018-02-02,1643,1643,1.0
2018-02-05,1644,1644,1.0
2018-02-06,1644,1644,1.0
2018-02-07,1645,1645,1.0
2018-02-08,1645,1645,1.0
2018-02-09,1645,1645,1.0
2018-02-12,1645,1645,1.0
2018-02-21,1645,1645,1.0
2018-02-22,1646,1646,1.0
2018-02-23,1646,1646,1.0
2018-02-26,1646,1646,1.0
2018-02-27,1646,1646,1.0
2018-03-01,1646,1646,1.0
2018-03-02,1646,1646,1.0
2018-03-05,1646,1646,1.0
2018-03-06,1646,1646,1.0
2018-03-07,1646,1646,1.0
2018-03-08,1646,1646,1.0
2018-03-09,1646,1646,1.0
2018-03-12,1646,1646,1.0
2018-03-13,1646,1646,1.0
2018-03-14,1646,1646,1.0
2018-03-15,1646,1646,1.0
2018-03-16,1646,1646,1.0
2018-03-19,1646,1646,1.0
2018-03-20,1646,1646,1.0
2018-03-21,1646,1646,1.0
2018-03-22,1646,1646,1.0
2018-03-23,1646,1646,1.0
2018-03-26,1646,1646,1.0
2018-03-27,1646,1646,1.0
2018-03-28,1648,1648,1.0
2018-03-29,1648,1648,1.0
2018-03-30,1648,1648,1.0
2018-03-31,1648,1648,1.0
2018-04-02,1649,1649,1.0
2018-04-03,1649,1649,1.0
2018-04-09,1649,1649,1.0
2018-04-10,1649,1649,1.0
2018-04-11,1649,1649,1.0
2018-04-12,1649,1649,1.0
2018-04-13,1649,1649,1.0
2018-04-16,1652,1652,1.0
2018-04-17,1653,1653,1.0
2018-04-18,1653,1653,1.0
2018-04-19,1653,1653,1.0
2018-04-20,1653,1653,1.0
2018-04-23,1653,1653,1.0
2018-04-24,1653,1653,1.0
2018-04-25,1653,1653,1.0
2018-04-26,1654,1654,1.0
2018-04-27,1654,1654,1.0
2018-04-30,1653,1653,1.0
2018-05-02,1653,1653,1.0
2018-05-03,1653,1653,1.0
2018-05-04,1653,1653,1.0
2018-05-07,1653,1653,1.0
2018-05-08,1653,1653,1.0
2018-05-09,1653,1653,1.0
2018-05-10,1653,1653,1.0
2018-05-11,1653,1653,1.0
2018-05-14,1653,1653,1.0
2018-05-15,1653,1653,1.0
2018-05-16,1653,1653,1.0
2018-05-17,1653,1653,1.0
2018-05-18,1653,1653,1.0
2018-05-21,1653,1653,1.0
2018-05-22,1653,1653,1.0
2018-05-23,1653,1653,1.0
2018-05-24,1653,1653,1.0
2018-05-25,1653,1653,1.0
2018-05-28,1653,1653,1.0
2018-05-29,1654,1654,1.0
2018-05-30,1654,1654,1.0
2018-05-31,1653,1653,1.0
2018-06-01,1653,1653,1.0
2018-06-04,1653,1653,1.0
2018-06-05,1654,1654,1.0
2018-06-06,1654,1654,1.0
2018-06-07,1654,1654,1.0
2018-06-08,1654,1654,1.0
2018-06-11,1655,1655,1.0
2018-06-12,1655,1655,1.0
2018-06-13,1654,1654,1.0
2018-06-14,1654,1654,1.0
2018-06-15,1654,1654,1.0
2018-06-19,1654,1654,1.0
2018-06-20,1654,1654,1.0
2018-06-21,1654,1654,1.0
2018-06-22,1653,1653,1.0
2018-06-25,1653,1653,1.0
2018-06-26,1653,1653,1.0
2018-06-27,1653,1653,1.0
2018-06-28,1654,1654,1.0
2018-06-29,1655,1655,1.0
2018-07-02,1656,1656,1.0
2018-07-03,1656,1656,1.0
2018-07-04,1656,1656,1.0
2018-07-05,1656,1656,1.0
2018-07-06,1656,1656,1.0
2018-07-09,1656,1656,1.0
2018-07-10,1657,1657,1.0
2018-07-11,1657,1657,1.0
2018-07-12,1659,1659,1.0
2018-07-13,1659,1659,1.0
2018-07-16,1660,1660,1.0
2018-07-17,1660,1660,1.0
2018-07-18,1661,1661,1.0
2018-07-19,1661,1661,1.0
2018-07-20,1661,1661,1.0
2018-07-23,1661,1661,1.0
2018-07-24,1661,1661,1.0
2018-07-25,1661,1661,1.0
2018-07-26,1661,1661,1.0
2018-07-27,1661,1661,1.0
2018-07-30,1661,1661,1.0
2018-07-31,1661,1661,1.0
2018-08-01,1661,1661,1.0
2018-08-02,1661,1661,1.0
2018-08-03,1661,1661,1.0
2018-08-06,1661,1661,1.0
2018-08-07,1661,1661,1.0
2018-08-08,1662,1662,1.0
2018-08-09,1662,1662,1.0
2018-08-10,1662,1662,1.0
2018-08-13,1662,1662,1.0
2018-08-14,1662,1662,1.0
2018-08-15,1664,1664,1.0
2018-08-16,1664,1664,1.0
2018-08-17,1664,1664,1.0
2018-08-20,1664,1664,1.0
2018-08-21,1664,1664,1.0
2018-08-22,1664,1664,1.0
2018-08-23,1664,1664,1.0
2018-08-24,1664,1664,1.0
2018-08-27,1664,1664,1.0
2018-08-28,1664,1664,1.0
2018-08-29,1664,1664,1.0
2018-08-30,1664,1664,1.0
2018-08-31,1664,1664,1.0
2018-09-03,1663,1663,1.0
2018-09-04,1663,1663,1.0
2018-09-05,1663,1663,1.0
2018-09-06,1663,1663,1.0
2018-09-07,1663,1663,1.0
2018-09-10,1663,1663,1.0
2018-09-11,1663,1663,1.0
2018-09-12,1665,1665,1.0
2018-09-13,1665,1665,1.0
2018-09-14,1665,1665,1.0
2018-09-17,1665,1665,1.0
2018-09-18,1666,1666,1.0
2018-09-19,1666,1666,1.0
2018-09-20,1666,1666,1.0
2018-09-21,1667,1667,1.0
2018-09-25,1667,1667,1.0
2018-09-26,1667,1667,1.0
2018-09-27,1667,1667,1.0
2018-09-28,1666,1666,1.0
2018-10-01,1661,1661,1.0
2018-10-02,1661,1661,1.0
2018-10-03,1662,1662,1.0
2018-10-04,1662,1662,1.0
2018-10-05,1662,1662,1.0
2018-10-08,1662,1662,1.0
2018-10-09,1662,1662,1.0
2018-10-11,1662,1662,1.0
2018-10-12,1662,1662,1.0
2018-10-15,1662,1662,1.0
2018-10-16,1662,1662,1.0
2018-10-17,1663,1663,1.0
2018-10-18,1663,1663,1.0
2018-10-19,1664,1664,1.0
2018-10-22,1664,1664,1.0
2018-10-23,1666,1666,1.0
2018-10-24,1666,1666,1.0
2018-10-25,1666,1666,1.0
2018-10-26,1666,1666,1.0
2018-10-29,1667,1667,1.0
2018-10-30,1667,1667,1.0
2018-10-31,1667,1667,1.0
2018-11-01,1667,1667,1.0
2018-11-02,1667,1667,1.0
2018-11-05,1667,1667,1.0
2018-11-06,1667,1667,1.0
2018-11-07,1667,1667,1.0
2018-11-08,1667,1667,1.0
2018-11-09,1667,1667,1.0
2018-11-12,1667,1667,1.0
2018-11-13,1667,1667,1.0
2018-11-14,1667,1667,1.0
2018-11-15,1667,1667,1.0
2018-11-16,1667,1667,1.0
2018-11-19,1669,1669,1.0
2018-11-20,1669,1669,1.0
2018-11-21,1669,1669,1.0
2018-11-22,1669,1669,1.0
2018-11-23,1669,1669,1.0
2018-11-26,1669,1669,1.0
2018-11-27,1669,1669,1.0
2018-11-28,1672,1672,1.0
2018-11-29,1671,1671,1.0
2018-11-30,1670,1670,1.0
2018-12-03,1670,1670,1.0
2018-12-04,1670,1670,1.0
2018-12-05,1671,1671,1.0
2018-12-06,1671,1671,1.0
2018-12-07,1671,1671,1.0
2018-12-10,1671,1671,1.0
2018-12-11,1672,1672,1.0
2018-12-12,1673,1673,1.0
2018-12-13,1673,1673,1.0
2018-12-14,1673,1673,1.0
2018-12-17,1674,1674,1.0
2018-12-18,1675,1675,1.0
2018-12-19,1675,1675,1.0
2018-12-20,1675,1675,1.0
2018-12-21,1675,1675,1.0
2018-12-22,1675,1675,1.0
2018-12-24,1677,1677,1.0
2018-12-25,1677,1677,1.0
2018-12-26,1677,1677,1.0
2018-12-27,1677,1677,1.0
2018-12-28,1677,1677,1.0
2019-01-02,1677,1677,1.0
2019-01-03,1677,1677,1.0
2019-01-04,1677,1677,1.0
2019-01-07,1677,1677,1.0
2019-01-08,1677,1677,1.0
2019-01-09,1677,1677,1.0
2019-01-10,1677,1677,1.0
2019-01-11,1677,1677,1.0
2019-01-14,1678,1678,1.0
2019-01-15,1679,1679,1.0
2019-01-16,1679,1679,1.0
2019-01-17,1680,1680,1.0
2019-01-18,1681,1681,1.0
2019-01-21,1681,1681,1.0
2019-01-22,1681,1681,1.0
2019-01-23,1682,1682,1.0
2019-01-24,1682,1682,1.0
2019-01-25,1682,1682,1.0
2019-01-28,1682,1682,1.0
2019-01-29,1682,1682,1.0
2019-01-30,1681,1681,1.0
2019-02-11,1681,1681,1.0
2019-02-12,1681,1681,1.0
2019-02-13,1681,1681,1.0
2019-02-14,1681,1681,1.0
2019-02-15,1681,1681,1.0
2019-02-18,1682,1682,1.0
2019-02-19,1682,1682,1.0
2019-02-20,1682,1682,1.0
2019-02-21,1682,1682,1.0
2019-02-22,1682,1682,1.0
2019-02-25,1682,1682,1.0
2019-02-26,1682,1682,1.0
2019-02-27,1682,1682,1.0
2019-03-04,1682,1682,1.0
2019-03-05,1682,1682,1.0
2019-03-06,1682,1682,1.0
2019-03-07,1683,1683,1.0
2019-03-08,1683,1683,1.0
2019-03-11,1683,1683,1.0
2019-03-12,1683,1683,1.0
2019-03-13,1683,1683,1.0
2019-03-14,1683,1683,1.0
2019-03-15,1684,1684,1.0
2019-03-18,1684,1684,1.0
2019-03-19,1684,1684,1.0
2019-03-20,1684,1684,1.0
2019-03-21,1685,1685,1.0
2019-03-22,1685,1685,1.0
2019-03-25,1685,1685,1.0
2019-03-26,1686,1686,1.0
2019-03-27,1687,1687,1.0
2019-03-28,1687,1687,1.0
2019-03-29,1686,1686,1.0
2019-04-01,1686,1686,1.0
2019-04-02,1687,1687,1.0
2019-04-03,1687,1687,1.0
2019-04-08,1687,1687,1.0
2019-04-09,1687,1687,1.0
2019-04-10,1687,1687,1.0
2019-04-11,1687,1687,1.0
2019-04-12,1687,1687,1.0
2019-04-15,1687,1687,1.0
2019-04-16,1687,1687,1.0
2019-04-17,1688,1688,1.0
2019-04-18,1688,1688,1.0
2019-04-19,1688,1688,1.0
2019-04-22,1688,1688,1.0
2019-04-23,1689,1689,1.0
2019-04-24,1689,1689,1.0
2019-04-25,1689,1689,1.0
2019-04-26,1689,1689,1.0
2019-04-29,1689,1689,1.0
2019-04-30,1689,1689,1.0
2019-05-02,1688,1688,1.0
2019-05-03,1688,1688,1.0
2019-05-06,1689,1689,1.0
2019-05-07,1689,1689,1.0
2019-05-08,1689,1689,1.0
2019-05-09,1690,1690,1.0
2019-05-10,1690,1690,1.0
2019-05-13,1689,1689,1.0
2019-05-14,1689,1689,1.0
2019-05-15,1689,1689,1.0
2019-05-16,1689,1689,1.0
2019-05-17,1689,1689,1.0
2019-05-20,1689,1689,1.0
2019-05-21,1689,1689,1.0
2019-05-22,1689,1689,1.0
2019-05-23,1689,1689,1.0
2019-05-24,1690,1690,1.0
2019-05-27,1690,1690,1.0
2019-05-28,1691,1691,1.0
2019-05-29,1691,1691,1.0
2019-05-30,1691,1691,1.0
2019-05-31,1691,1691,1.0
2019-06-03,1691,1691,1.0
2019-06-04,1691,1691,1.0
2019-06-05,1692,1692,1.0
2019-06-06,1693,1693,1.0
2019-06-10,1693,1693,1.0
2019-06-11,1693,1693,1.0
2019-06-12,1693,1693,1.0
2019-06-13,1693,1693,1.0
2019-06-14,1693,1693,1.0
2019-06-17,1693,1693,1.0
2019-06-18,1693,1693,1.0
2019-06-19,1693,1693,1.0
2019-06-20,1693,1693,1.0
2019-06-21,1693,1693,1.0
2019-06-24,1693,1693,1.0
2019-06-25,1693,1693,1.0
2019-06-26,1692,1692,1.0
2019-06-27,1692,1692,1.0
2019-06-28,1692,1692,1.0
2019-07-01,1692,1692,1.0
2019-07-02,1692,1692,1.0
2019-07-03,1692,1692,1.0
2019-07-04,1692,1692,1.0
2019-07-05,1692,1692,1.0
2019-07-08,1692,1692,1.0
2019-07-09,1692,1692,1.0
2019-07-10,1692,1692,1.0
2019-07-11,1692,1692,1.0
2019-07-12,1692,1692,1.0
2019-07-15,1692,1692,1.0
2019-07-16,1692,1692,1.0
2019-07-17,1692,1692,1.0
2019-07-18,1692,1692,1.0
2019-07-19,1692,1692,1.0
2019-07-22,1692,1692,1.0
2019-07-23,1692,1692,1.0
2019-07-24,1692,1692,1.0
2019-07-25,1692,1692,1.0
2019-07-26,1692,1692,1.0
2019-07-29,1692,1692,1.0
2019-07-30,1692,1692,1.0
2019-07-31,1691,1691,1.0
2019-08-01,1691,1691,1.0
2019-08-02,1691,1691,1.0
2019-08-05,1690,1690,1.0
2019-08-06,1690,1690,1.0
2019-08-07,1690,1690,1.0
2019-08-08,1690,1690,1.0
2019-08-12,1690,1690,1.0
2019-08-13,1690,1690,1.0
2019-08-14,1690,1690,1.0
2019-08-15,1690,1690,1.0
2019-08-16,1690,1690,1.0
2019-08-19,1690,1690,1.0
2019-08-20,1690,1690,1.0
2019-08-21,1690,1690,1.0
2019-08-22,1690,1690,1.0
2019-08-23,1690,1690,1.0
2019-08-26,1690,1690,1.0
2019-08-27,1690,1690,1.0
2019-08-28,1690,1690,1.0
2019-08-29,1690,1690,1.0
2019-08-30,1690,1690,1.0
2019-09-02,1689,1689,1.0
2019-09-03,1689,1689,1.0
2019-09-04,1690,1690,1.0
2019-09-05,1690,1690,1.0
2019-09-06,1690,1690,1.0
2019-09-09,1690,1690,1.0
2019-09-10,1691,1691,1.0
2019-09-11,1691,1691,1.0
2019-09-12,1691,1691,1.0
2019-09-16,1692,1692,1.0
2019-09-17,1695,1695,1.0
2019-09-18,1695,1695,1.0
2019-09-19,1695,1695,1.0
2019-09-20,1695,1695,1.0
2019-09-23,1696,1696,1.0
2019-09-24,1696,1696,1.0
2019-09-25,1697,1697,1.0
2019-09-26,1697,1697,1.0
2019-09-27,1697,1697,1.0
2019-10-01,1696,1696,1.0
2019-10-02,1696,1696,1.0
2019-10-03,1696,1696,1.0
2019-10-04,1696,1696,1.0
2019-10-07,1697,1697,1.0
2019-10-08,1697,1697,1.0
2019-10-09,1697,1697,1.0
2019-10-14,1696,1696,1.0
2019-10-15,1696,1696,1.0
2019-10-16,1696,1696,1.0
2019-10-17,1696,1696,1.0
2019-10-18,1696,1696,1.0
2019-10-21,1696,1696,1.0
2019-10-22,1696,1696,1.0
2019-10-23,1696,1696,1.0
2019-10-24,1696,1696,1.0
2019-10-25,1696,1696,1.0
2019-10-28,1696,1696,1.0
2019-10-29,1696,1696,1.0
2019-10-30,1697,1697,1.0
2019-10-31,1697,1697,1.0
2019-11-01,1697,1697,1.0
2019-11-04,1697,1697,1.0
2019-11-05,1697,1697,1.0
2019-11-06,1697,1697,1.0
2019-11-07,1697,1697,1.0
2019-11-08,1697,1697,1.0
2019-11-11,1697,1697,1.0
2019-11-12,1697,1697,1.0
2019-11-13,1697,1697,1.0
2019-11-14,1697,1697,1.0
2019-11-15,1697,1697,1.0
2019-11-18,1697,1697,1.0
2019-11-19,1697,1697,1.0
2019-11-20,1697,1697,1.0
2019-11-21,1697,1697,1.0
2019-11-22,1697,1697,1.0
2019-11-25,1698,1698,1.0
2019-11-26,1698,1698,1.0
2019-11-27,1698,1698,1.0
2019-11-28,1698,1698,1.0
2019-11-29,1697,1697,1.0
2019-12-02,1697,1697,1.0
2019-12-03,1697,1697,1.0
2019-12-04,1697,1697,1.0
2019-12-05,1698,1698,1.0
2019-12-06,1698,1698,1.0
2019-12-09,1699,1699,1.0
2019-12-10,1699,1699,1.0
2019-12-11,1699,1699,1.0
2019-12-12,1700,1700,1.0
2019-12-13,1700,1700,1.0
2019-12-16,1701,1701,1.0
2019-12-17,1701,1701,1.0
2019-12-18,1701,1701,1.0
2019-12-19,1702,1702,1.0
2019-12-20,1702,1702,1.0
2019-12-23,1702,1702,1.0
2019-12-24,1702,1702,1.0
2019-12-25,1703,1703,1.0
2019-12-26,1704,1704,1.0
2019-12-27,1704,1704,1.0
2019-12-30,1704,1704,1.0
2019-12-31,1704,1704,1.0
2020-01-02,1704,1704,1.0
2020-01-03,1704,1704,1.0
2020-01-06,1705,1705,1.0
2020-01-07,1705,1705,1.0
2020-01-08,1705,1705,1.0
2020-01-09,1704,1704,1.0
2020-01-10,1704,1704,1.0
2020-01-13,1704,1704,1.0
2020-01-14,1704,1704,1.0
2020-01-15,1704,1704,1.0
2020-01-16,1704,1704,1.0
2020-01-17,1704,1704,1.0
2020-01-20,1704,1704,1.0
2020-01-30,1704,1704,1.0
2020-01-31,1704,1704,1.0
2020-02-03,1704,1704,1.0
2020-02-04,1704,1704,1.0
2020-02-05,1704,1704,1.0
2020-02-06,1704,1704,1.0
2020-02-07,1704,1704,1.0
2020-02-10,1704,1704,1.0
2020-02-11,1704,1704,1.0
2020-02-12,1704,1704,1.0
2020-02-13,1704,1704,1.0
2020-02-14,1704,1704,1.0
2020-02-17,1704,1704,1.0
2020-02-18,1704,1704,1.0
2020-02-19,1704,1704,1.0
2020-02-20,1704,1704,1.0
2020-02-21,1704,1704,1.0
2020-02-24,1704,1704,1.0
2020-02-25,1704,1704,1.0
2020-02-26,1704,1704,1.0
2020-02-27,1704,1704,1.0
2020-03-02,1704,1704,1.0
2020-03-03,1704,1704,1.0
2020-03-04,1704,1704,1.0
2020-03-05,1704,1704,1.0
2020-03-06,1704,1704,1.0
2020-03-09,1707,1707,1.0
2020-03-10,1707,1707,1.0
2020-03-11,1707,1707,1.0
2020-03-12,1707,1707,1.0
2020-03-13,1707,1707,1.0
2020-03-16,1707,1707,1.0
2020-03-17,1707,1707,1.0
2020-03-18,1707,1707,1.0
2020-03-19,1707,1707,1.0
2020-03-20,1707,1707,1.0
2020-03-23,1707,1707,1.0
2020-03-24,1707,1707,1.0
2020-03-25,1707,1707,1.0
2020-03-26,1707,1707,1.0
2020-03-27,1708,1708,1.0
2020-03-30,1708,1708,1.0
2020-03-31,1708,1708,1.0
2020-04-01,1708,1708,1.0
2020-04-06,1708,1708,1.0
2020-04-07,1708,1708,1.0
2020-04-08,1708,1708,1.0
2020-04-09,1708,1708,1.0
2020-04-10,1708,1708,1.0
2020-04-13,1708,1708,1.0
2020-04-14,1708,1708,1.0
2020-04-15,1709,1709,1.0
2020-04-16,1709,1709,1.0
2020-04-17,1709,1709,1.0
2020-04-20,1709,1709,1.0
2020-04-21,1709,1709,1.0
2020-04-22,1709,1709,1.0
2020-04-23,1709,1709,1.0
2020-04-24,1709,1709,1.0
2020-04-27,1709,1709,1.0
2020-04-28,1709,1709,1.0
2020-04-29,1709,1709,1.0
2020-04-30,1709,1709,1.0
2020-05-04,1709,1709,1.0
2020-05-05,1709,1709,1.0
2020-05-06,1709,1709,1.0
2020-05-07,1709,1709,1.0
2020-05-08,1709,1709,1.0
2020-05-11,1708,1708,1.0
2020-05-12,1708,1708,1.0
2020-05-13,1708,1708,1.0
2020-05-14,1708,1708,1.0
2020-05-15,1708,1708,1.0
2020-05-18,1709,1709,1.0
2020-05-19,1709,1709,1.0
2020-05-20,1710,1710,1.0
2020-05-21,1710,1710,1.0
2020-05-22,1710,1710,1.0
2020-05-25,1710,1710,1.0
2020-05-26,1710,1710,1.0
2020-05-27,1710,1710,1.0
2020-05-28,1709,1709,1.0
2020-05-29,1709,1709,1.0
2020-06-01,1708,1708,1.0
2020-06-02,1708,1708,1.0
2020-06-03,1708,1708,1.0
2020-06-04,1708,1708,1.0
2020-06-05,1708,1708,1.0
2020-06-08,1709,1709,1.0
2020-06-09,1710,1710,1.0
2020-06-10,1710,1710,1.0
2020-06-11,1710,1710,1.0
2020-06-12,1710,1710,1.0
2020-06-15,1710,1710,1.0
2020-06-16,1710,1710,1.0
2020-06-17,1710,1710,1.0
2020-06-18,1710,1710,1.0
2020-06-19,1709,1709,1.0
2020-06-22,1709,1709,1.0
2020-06-23,1709,1709,1.0
2020-06-24,1709,1709,1.0
2020-06-29,1709,1709,1.0
2020-06-30,1709,1709,1.0
2020-07-01,1710,1710,1.0
2020-07-02,1710,1710,1.0
2020-07-03,1710,1710,1.0
2020-07-06,1710,1710,1.0
2020-07-07,1710,1710,1.0
2020-07-08,1710,1710,1.0
2020-07-09,1710,1710,1.0
2020-07-10,1710,1710,1.0
2020-07-13,1710,1710,1.0
2020-07-14,1710,1710,1.0
2020-07-15,1710,1710,1.0
2020-07-16,1710,1710,1.0
2020-07-17,1710,1710,1.0
2020-07-20,1710,1710,1.0
2020-07-21,1710,1710,1.0
2020-07-22,1710,1710,1.0
2020-07-23,1710,1710,1.0
2020-07-24,1710,1710,1.0
2020-07-27,1710,1710,1.0
2020-07-28,1710,1710,1.0
2020-07-29,1710,1710,1.0
2020-07-30,1710,1710,1.0
2020-07-31,1710,1710,1.0
2020-08-03,1710,1710,1.0
2020-08-04,1710,1710,1.0
2020-08-05,1710,1710,1.0
2020-08-06,1710,1710,1.0
2020-08-07,1710,1710,1.0
2020-08-10,1710,1710,1.0
2020-08-11,1710,1710,1.0
2020-08-12,1710,1710,1.0
2020-08-13,1710,1710,1.0
2020-08-14,1710,1710,1.0
2020-08-17,1710,1710,1.0
2020-08-18,1710,1710,1.0
2020-08-19,1710,1710,1.0
2020-08-20,1710,1710,1.0
2020-08-21,1710,1710,1.0
2020-08-24,1710,1710,1.0
2020-08-25,1710,1710,1.0
2020-08-26,1711,1711,1.0
2020-08-27,1711,1711,1.0
2020-08-28,1711,1711,1.0
2020-08-31,1711,1711,1.0
2020-09-01,1711,1711,1.0
2020-09-02,1711,1711,1.0
2020-09-03,1711,1711,1.0
2020-09-04,1711,1711,1.0
2020-09-07,1711,1711,1.0
2020-09-08,1711,1711,1.0
2020-09-09,1711,1711,1.0
2020-09-10,1711,1711,1.0
2020-09-11,1711,1711,1.0
2020-09-14,1711,1711,1.0
2020-09-15,1711,1711,1.0
2020-09-16,1711,1711,1.0
2020-09-17,1712,1712,1.0
2020-09-18,1712,1712,1.0
2020-09-21,1712,1712,1.0
2020-09-22,1712,1712,1.0
2020-09-23,1713,1713,1.0
2020-09-24,1713,1713,1.0
2020-09-25,1713,1713,1.0
2020-09-28,1713,1713,1.0
2020-09-29,1713,1713,1.0
2020-09-30,1713,1713,1.0
2020-10-05,1713,1713,1.0
2020-10-06,1713,1713,1.0
2020-10-07,1713,1713,1.0
2020-10-08,1713,1713,1.0
2020-10-12,1714,1714,1.0
2020-10-13,1714,1714,1.0
2020-10-14,1714,1714,1.0
2020-10-15,1714,1714,1.0
2020-10-16,1714,1714,1.0
2020-10-19,1714,1714,1.0
2020-10-20,1715,1715,1.0
2020-10-21,1715,1715,1.0
2020-10-22,1715,1715,1.0
2020-10-23,1715,1715,1.0
2020-10-26,1715,1715,1.0
2020-10-27,1715,1715,1.0
2020-10-28,1715,1715,1.0
2020-10-29,1715,1715,1.0
2020-10-30,1715,1715,1.0
2020-11-02,1715,1715,1.0
2020-11-03,1715,1715,1.0
2020-11-04,1714,1714,1.0
2020-11-05,1714,1714,1.0
2020-11-06,1714,1714,1.0
2020-11-09,1714,1714,1.0
2020-11-10,1713,1713,1.0
2020-11-11,1713,1713,1.0
2020-11-12,1713,1713,1.0
2020-11-13,1713,1713,1.0
2020-11-16,1713,1713,1.0
2020-11-17,1713,1713,1.0
2020-11-18,1712,1712,1.0
2020-11-19,1712,1712,1.0
2020-11-20,1711,1711,1.0
2020-11-23,1711,1711,1.0
2020-11-24,1712,1712,1.0
2020-11-25,1712,1712,1.0
2020-11-26,1712,1712,1.0
2020-11-27,1712,1712,1.0
2020-11-30,1711,1711,1.0
2020-12-01,1712,1712,1.0
2020-12-02,1712,1712,1.0
2020-12-03,1712,1712,1.0
2020-12-04,1712,1712,1.0
2020-12-07,1712,1712,1.0
2020-12-08,1712,1712,1.0
2020-12-09,1712,1712,1.0
2020-12-10,1713,1713,1.0
2020-12-11,1714,1714,1.0
2020-12-14,1715,1715,1.0
2020-12-15,1715,1715,1.0
2020-12-16,1716,1716,1.0
2020-12-17,1716,1716,1.0
2020-12-18,1717,1717,1.0
2020-12-21,1717,1717,1.0
2020-12-22,1717,1717,1.0
2020-12-23,1718,1718,1.0
2020-12-24,1719,1719,1.0
2020-12-25,1721,1721,1.0
2020-12-28,1721,1721,1.0
2020-12-29,1721,1721,1.0
2020-12-30,1721,1721,1.0
2020-12-31,1721,1721,1.0
2021-01-04,1721,1721,1.0
2021-01-05,1721,1721,1.0
2021-01-06,1720,1720,1.0
2021-01-07,1720,1720,1.0
2021-01-08,1721,1721,1.0
2021-01-11,1721,1721,1.0
2021-01-12,1721,1721,1.0
2021-01-13,1721,1721,1.0
2021-01-14,1721,1721,1.0
2021-01-15,1720,1720,1.0
2021-01-18,1719,1719,1.0
2021-01-19,1720,1720,1.0
2021-01-20,1721,1721,1.0
2021-01-21,1721,1721,1.0
2021-01-22,1721,1721,1.0
2021-01-25,1722,1722,1.0
2021-01-26,1722,1722,1.0
2021-01-27,1723,1723,1.0
2021-01-28,1724,1724,1.0
2021-01-29,1724,1724,1.0
2021-02-01,1725,1725,1.0
2021-02-02,1725,1725,1.0
2021-02-03,1725,1725,1.0
2021-02-04,1725,1725,1.0
2021-02-05,1725,1725,1.0
2021-02-17,1725,1725,1.0
2021-02-18,1725,1725,1.0
2021-02-19,1725,1725,1.0
2021-02-22,1725,1725,1.0
2021-02-23,1725,1725,1.0
2021-02-24,1725,1725,1.0
2021-02-25,1725,1725,1.0
2021-02-26,1725,1725,1.0
2021-03-02,1725,1725,1.0
2021-03-03,1725,1725,1.0
2021-03-04,1725,1725,1.0
2021-03-05,1725,1725,1.0
2021-03-08,1725,1725,1.0
2021-03-09,1725,1725,1.0
2021-03-10,1725,1725,1.0
2021-03-11,1725,1725,1.0
2021-03-12,1725,1725,1.0
2021-03-15,1725,1725,1.0
2021-03-16,1725,1725,1.0
2021-03-17,1725,1725,1.0
2021-03-18,1725,1725,1.0
2021-03-19,1725,1725,1.0
2021-03-22,1726,1726,1.0
2021-03-23,1726,1726,1.0
2021-03-24,1727,1727,1.0
2021-03-25,1727,1727,1.0
2021-03-26,1727,1727,1.0
2021-03-29,1727,1727,1.0
2021-03-30,1727,1727,1.0
2021-03-31,1728,1728,1.0
2021-04-01,1727,1727,1.0
2021-04-06,1727,1727,1.0
2021-04-07,1727,1727,1.0
2021-04-08,1727,1727,1.0
2021-04-09,1727,1727,1.0
2021-04-12,1728,1728,1.0
2021-04-13,1728,1728,1.0
2021-04-14,1728,1728,1.0
2021-04-15,1728,1728,1.0
2021-04-16,1728,1728,1.0
2021-04-19,1728,1728,1.0
2021-04-20,1728,1728,1.0
2021-04-21,1728,1728,1.0
2021-04-22,1729,1729,1.0
2021-04-23,1729,1729,1.0
2021-04-26,1729,1729,1.0
2021-04-27,1730,1730,1.0
2021-04-28,1730,1730,1.0
2021-04-29,1730,1730,1.0
2021-05-03,1730,1730,1.0
2021-05-04,1730,1730,1.0
2021-05-05,1730,1730,1.0
2021-05-06,1730,1730,1.0
2021-05-07,1730,1730,1.0
2021-05-10,1730,1730,1.0
2021-05-11,1730,1730,1.0
2021-05-12,1730,1730,1.0
2021-05-13,1731,1731,1.0
2021-05-14,1731,1731,1.0
2021-05-17,1731,1731,1.0
2021-05-18,1731,1731,1.0
2021-05-19,1731,1731,1.0
2021-05-20,1731,1731,1.0
2021-05-21,1731,1731,1.0
2021-05-24,1731,1731,1.0
2021-05-25,1732,1732,1.0
2021-05-26,1732,1732,1.0
2021-05-27,1732,1732,1.0
2021-05-28,1732,1732,1.0
2021-05-31,1733,1733,1.0
2021-06-01,1733,1733,1.0
2021-06-02,1733,1733,1.0
2021-06-03,1733,1733,1.0
2021-06-04,1733,1733,1.0
2021-06-07,1733,1733,1.0
2021-06-08,1733,1733,1.0
2021-06-09,1733,1733,1.0
2021-06-10,1733,1733,1.0
2021-06-11,1733,1733,1.0
2021-06-15,1733,1733,1.0
2021-06-16,1733,1733,1.0
2021-06-17,1733,1733,1.0
2021-06-18,1733,1733,1.0
2021-06-21,1733,1733,1.0
2021-06-22,1733,1733,1.0
2021-06-23,1733,1733,1.0
2021-06-24,1733,1733,1.0
2021-06-25,1733,1733,1.0
2021-06-28,1733,1733,1.0
2021-06-29,1733,1733,1.0
2021-06-30,1733,1733,1.0
2021-07-01,1733,1733,1.0
2021-07-02,1733,1733,1.0
2021-07-05,1732,1732,1.0
2021-07-06,1732,1732,1.0
2021-07-07,1732,1732,1.0
2021-07-08,1732,1732,1.0
2021-07-09,1732,1732,1.0
2021-07-12,1732,1732,1.0
2021-07-13,1732,1732,1.0
2021-07-14,1732,1732,1.0
2021-07-15,1732,1732,1.0
2021-07-16,1732,1732,1.0
2021-07-19,1732,1732,1.0
2021-07-20,1732,1732,1.0
2021-07-21,1732,1732,1.0
2021-07-22,1732,1732,1.0
2021-07-23,1732,1732,1.0
2021-07-26,1732,1732,1.0
2021-07-27,1732,1732,1.0
2021-07-28,1732,1732,1.0
2021-07-29,1732,1732,1.0
2021-07-30,1732,1732,1.0
2021-08-02,1732,1732,1.0
2021-08-03,1732,1732,1.0
2021-08-04,1732,1732,1.0
2021-08-05,1732,1732,1.0
2021-08-06,1732,1732,1.0
2021-08-09,1732,1732,1.0
2021-08-10,1732,1732,1.0
2021-08-11,1733,1733,1.0
2021-08-12,1733,1733,1.0
2021-08-13,1733,1733,1.0
2021-08-16,1733,1733,1.0
2021-08-17,1733,1733,1.0
2021-08-18,1733,1733,1.0
2021-08-19,1733,1733,1.0
2021-08-20,1733,1733,1.0
2021-08-23,1733,1733,1.0
2021-08-24,1733,1733,1.0
2021-08-25,1733,1733,1.0
2021-08-26,1733,1733,1.0
2021-08-27,1733,1733,1.0
2021-08-30,1733,1733,1.0
2021-08-31,1733,1733,1.0
2021-09-01,1733,1733,1.0
2021-09-02,1733,1733,1.0
2021-09-03,1733,1733,1.0
2021-09-06,1733,1733,1.0
2021-09-07,1733,1733,1.0
2021-09-08,1733,1733,1.0
2021-09-09,1734,1734,1.0
2021-09-10,1734,1734,1.0
2021-09-13,1734,1734,1.0
2021-09-14,1734,1734,1.0
2021-09-15,1734,1734,1.0
2021-09-16,1734,1734,1.0
2021-09-17,1734,1734,1.0
2021-09-22,1734,1734,1.0
2021-09-23,1734,1734,1.0
2021-09-24,1734,1734,1.0
2021-09-27,1734,1734,1.0
2021-09-28,1734,1734,1.0
2021-09-29,1736,1736,1.0
2021-09-30,1736,1736,1.0
2021-10-01,1736,1736,1.0
2021-10-04,1736,1736,1.0
2021-10-05,1736,1736,1.0
2021-10-06,1737,1737,1.0
2021-10-07,1737,1737,1.0
2021-10-08,1736,1736,1.0
2021-10-12,1736,1736,1.0
2021-10-13,1736,1736,1.0
2021-10-14,1736,1736,1.0
2021-10-15,1736,1736,1.0
2021-10-18,1736,1736,1.0
2021-10-19,1736,1736,1.0
2021-10-20,1736,1736,1.0
2021-10-21,1736,1736,1.0
2021-10-22,1735,1735,1.0
2021-10-25,1737,1737,1.0
2021-10-26,1737,1737,1.0
2021-10-27,1737,1737,1.0
2021-10-28,1737,1737,1.0
2021-10-29,1737,1737,1.0
2021-11-01,1736,1736,1.0
2021-11-02,1736,1736,1.0
2021-11-03,1736,1736,1.0
2021-11-04,1736,1736,1.0
2021-11-05,1736,1736,1.0
2021-11-08,1737,1737,1.0
2021-11-09,1737,1737,1.0
2021-11-10,1737,1737,1.0
2021-11-11,1737,1737,1.0
2021-11-12,1737,1737,1.0
2021-11-15,1737,1737,1.0
2021-11-16,1737,1737,1.0
2021-11-17,1737,1737,1.0
2021-11-18,1737,1737,1.0
2021-11-19,1737,1737,1.0
2021-11-22,1737,1737,1.0
2021-11-23,1737,1737,1.0
2021-11-24,1737,1737,1.0
2021-11-25,1737,1737,1.0
2021-11-26,1737,1737,1.0
2021-11-29,1737,1737,1.0
2021-11-30,1738,1738,1.0
2021-12-01,1738,1738,1.0
2021-12-02,1738,1738,1.0
2021-12-03,1738,1738,1.0
2021-12-06,1739,1739,1.0
2021-12-07,1739,1739,1.0
2021-12-08,1740,1740,1.0
2021-12-09,1740,1740,1.0
2021-12-10,1740,1740,1.0
2021-12-13,1740,1740,1.0
2021-12-14,1740,1740,1.0
2021-12-15,1740,1740,1.0
2021-12-16,1740,1740,1.0
2021-12-17,1740,1740,1.0
2021-12-20,1739,1739,1.0
2021-12-21,1739,1739,1.0
2021-12-22,1740,1740,1.0
2021-12-23,1740,1740,1.0
2021-12-24,1740,1740,1.0
2021-12-27,1739,1739,1.0
2021-12-28,1739,1739,1.0
2021-12-29,1739,1739,1.0
2021-12-30,1738,1738,1.0
2022-01-03,1739,1739,1.0
2022-01-04,1739,1739,1.0
2022-01-05,1738,1738,1.0
2022-01-06,1738,1738,1.0
2022-01-07,1739,1739,1.0
2022-01-10,1739,1739,1.0
2022-01-11,1739,1739,1.0
2022-01-12,1739,1739,1.0
2022-01-13,1740,1740,1.0
2022-01-14,1741,1741,1.0
2022-01-17,1741,1741,1.0
2022-01-18,1741,1741,1.0
2022-01-19,1743,1743,1.0
2022-01-20,1743,1743,1.0
2022-01-21,1743,1743,1.0
2022-01-24,1743,1743,1.0
2022-01-25,1743,1743,1.0
2022-01-26,1743,1743,1.0
2022-02-07,1742,1742,1.0
2022-02-08,1742,1742,1.0
2022-02-09,1742,1742,1.0
2022-02-10,1742,1742,1.0
2022-02-11,1742,1742,1.0
2022-02-14,1742,1742,1.0
2022-02-15,1742,1742,1.0
2022-02-16,1742,1742,1.0
2022-02-17,1742,1742,1.0
2022-02-18,1742,1742,1.0
2022-02-21,1742,1742,1.0
2022-02-22,1742,1742,1.0
2022-02-23,1742,1742,1.0
2022-02-24,1742,1742,1.0
2022-02-25,1742,1742,1.0
2022-03-01,1743,1743,1.0
2022-03-02,1743,1743,1.0
2022-03-03,1742,1742,1.0
2022-03-04,1742,1742,1.0
2022-03-07,1742,1742,1.0
2022-03-08,1743,1743,1.0
2022-03-09,1743,1743,1.0
2022-03-10,1743,1743,1.0
2022-03-11,1745,1745,1.0
2022-03-14,1746,1746,1.0
2022-03-15,1747,1747,1.0
2022-03-16,1747,1747,1.0
2022-03-17,1748,1748,1.0
2022-03-18,1748,1748,1.0
2022-03-21,1748,1748,1.0
2022-03-22,1748,1748,1.0
2022-03-23,1749,1749,1.0
2022-03-24,1749,1749,1.0
2022-03-25,1749,1749,1.0
2022-03-28,1749,1749,1.0
2022-03-29,1749,1749,1.0
2022-03-30,1749,1749,1.0
2022-03-31,1750,1750,1.0
2022-04-01,1750,1750,1.0
2022-04-06,1750,1750,1.0
2022-04-07,1750,1750,1.0
2022-04-08,1750,1750,1.0
2022-04-11,1750,1750,1.0
2022-04-12,1750,1750,1.0
2022-04-13,1751,1751,1.0
2022-04-14,1751,1751,1.0
2022-04-15,1751,1751,1.0
2022-04-18,1751,1751,1.0
2022-04-19,1751,1751,1.0
2022-04-20,1751,1751,1.0
2022-04-21,1750,1750,1.0
2022-04-22,1750,1750,1.0
2022-04-25,1751,1751,1.0
2022-04-26,1751,1751,1.0
2022-04-27,1751,1751,1.0
2022-04-28,1751,1751,1.0
2022-04-29,1752,1752,1.0
2022-05-03,1751,1751,1.0
2022-05-04,1751,1751,1.0
2022-05-05,1751,1751,1.0
2022-05-06,1751,1751,1.0
2022-05-09,1752,1752,1.0
2022-05-10,1752,1752,1.0
2022-05-11,1752,1752,1.0
2022-05-12,1753,1753,1.0
2022-05-13,1753,1753,1.0
2022-05-16,1753,1753,1.0
2022-05-17,1753,1753,1.0
2022-05-18,1753,1753,1.0
2022-05-19,1753,1753,1.0
2022-05-20,1755,1755,1.0
2022-05-23,1755,1755,1.0
2022-05-24,1756,1756,1.0
2022-05-25,1756,1756,1.0
2022-05-26,1756,1756,1.0
2022-05-27,1756,1756,1.0
2022-05-30,1756,1756,1.0
2022-05-31,1755,1755,1.0
2022-06-01,1756,1756,1.0
2022-06-02,1756,1756,1.0
2022-06-06,1757,1757,1.0
2022-06-07,1757,1757,1.0
2022-06-08,1757,1757,1.0
2022-06-09,1757,1757,1.0
2022-06-10,1757,1757,1.0
2022-06-13,1757,1757,1.0
2022-06-14,1758,1758,1.0
2022-06-15,1758,1758,1.0
2022-06-16,1758,1758,1.0
2022-06-17,1758,1758,1.0
2022-06-20,1758,1758,1.0
2022-06-21,1758,1758,1.0
2022-06-22,1758,1758,1.0
2022-06-23,1758,1758,1.0
2022-06-24,1758,1758,1.0
2022-06-27,1757,1757,1.0
2022-06-28,1757,1757,1.0
2022-06-29,1756,1756,1.0
2022-06-30,1758,1758,1.0
2022-07-01,1758,1758,1.0
2022-07-04,1758,1758,1.0
2022-07-05,1758,1758,1.0
2022-07-06,1758,1758,1.0
2022-07-07,1758,1758,1.0
2022-07-08,1758,1758,1.0
2022-07-11,1758,1758,1.0
2022-07-12,1758,1758,1.0
2022-07-13,1758,1758,1.0
2022-07-14,1758,1758,1.0
2022-07-15,1757,1757,1.0
2022-07-18,1757,1757,1.0
2022-07-19,1757,1757,1.0
2022-07-20,1757,1757,1.0
2022-07-21,1757,1757,1.0
2022-07-22,1757,1757,1.0
2022-07-25,1757,1757,1.0
2022-07-26,1757,1757,1.0
2022-07-27,1757,1757,1.0
2022-07-28,1757,1757,1.0
2022-07-29,1757,1757,1.0
2022-08-01,1757,1757,1.0
2022-08-02,1757,1757,1.0
2022-08-03,1757,1757,1.0
2022-08-04,1756,1756,1.0
2022-08-05,1756,1756,1.0
2022-08-08,1756,1756,1.0
2022-08-09,1757,1757,1.0
2022-08-10,1757,1757,1.0
2022-08-11,1757,1757,1.0
2022-08-12,1757,1757,1.0
2022-08-15,1757,1757,1.0
2022-08-16,1757,1757,1.0
2022-08-17,1757,1757,1.0
2022-08-18,1758,1758,1.0
2022-08-19,1758,1758,1.0
2022-08-22,1758,1758,1.0
2022-08-23,1758,1758,1.0
2022-08-24,1758,1758,1.0
2022-08-25,1758,1758,1.0
2022-08-26,1758,1758,1.0
2022-08-29,1758,1758,1.0
2022-08-30,1758,1758,1.0
2022-08-31,1759,1759,1.0
2022-09-01,1760,1760,1.0
2022-09-02,1760,1760,1.0
2022-09-05,1760,1760,1.0
2022-09-06,1760,1760,1.0
2022-09-07,1760,1760,1.0
2022-09-08,1761,1761,1.0
2022-09-12,1761,1761,1.0
2022-09-13,1762,1762,1.0
2022-09-14,1762,1762,1.0
2022-09-15,1762,1762,1.0
2022-09-16,1762,1762,1.0
2022-09-19,1762,1762,1.0
2022-09-20,1762,1762,1.0
2022-09-21,1763,1763,1.0
2022-09-22,1763,1763,1.0
2022-09-23,1763,1763,1.0
2022-09-26,1761,1761,1.0
2022-09-27,1761,1761,1.0
2022-09-28,1761,1761,1.0
2022-09-29,1761,1761,1.0
2022-09-30,1761,1761,1.0
2022-10-03,1761,1761,1.0
2022-10-04,1761,1761,1.0
2022-10-05,1762,1762,1.0
2022-10-06,1763,1763,1.0
2022-10-07,1763,1763,1.0
2022-10-11,1763,1763,1.0
2022-10-12,1763,1763,1.0
2022-10-13,1763,1763,1.0
2022-10-14,1763,1763,1.0
2022-10-17,1763,1763,1.0
2022-10-18,1763,1763,1.0
2022-10-19,1763,1763,1.0
2022-10-20,1763,1763,1.0
2022-10-21,1763,1763,1.0
2022-10-24,1763,1763,1.0
2022-10-25,1763,1763,1.0
2022-10-26,1763,1763,1.0
2022-10-27,1763,1763,1.0
2022-10-28,1763,1763,1.0
2022-10-31,1763,1763,1.0
2022-11-01,1763,1763,1.0
2022-11-02,1763,1763,1.0
2022-11-03,1764,1764,1.0
2022-11-04,1765,1765,1.0
2022-11-07,1765,1765,1.0
2022-11-08,1765,1765,1.0
2022-11-09,1765,1765,1.0
2022-11-10,1766,1766,1.0
2022-11-11,1765,1765,1.0
2022-11-14,1766,1766,1.0
2022-11-15,1766,1766,1.0
2022-11-16,1766,1766,1.0
2022-11-17,1766,1766,1.0
2022-11-18,1766,1766,1.0
2022-11-21,1767,1767,1.0
2022-11-22,1767,1767,1.0
2022-11-23,1767,1767,1.0
2022-11-24,1767,1767,1.0
2022-11-25,1767,1767,1.0
2022-11-28,1769,1769,1.0
2022-11-29,1769,1769,1.0
2022-11-30,1769,1769,1.0
2022-12-01,1769,1769,1.0
2022-12-02,1769,1769,1.0
2022-12-05,1769,1769,1.0
2022-12-06,1769,1769,1.0
2022-12-07,1769,1769,1.0
2022-12-08,1769,1769,1.0
2022-12-09,1769,1769,1.0
2022-12-12,1769,1769,1.0
2022-12-13,1769,1769,1.0
2022-12-14,1770,1770,1.0
2022-12-15,1772,1772,1.0
2022-12-16,1772,1772,1.0
2022-12-19,1772,1772,1.0
2022-12-20,1773,1773,1.0
2022-12-21,1772,1772,1.0
2022-12-22,1772,1772,1.0
2022-12-23,1772,1772,1.0
2022-12-26,1772,1772,1.0
2022-12-27,1772,1772,1.0
2022-12-28,1772,1772,1.0
2022-12-29,1773,1773,1.0
2022-12-30,1773,1773,1.0
2023-01-03,1773,1773,1.0
2023-01-04,1773,1773,1.0
2023-01-05,1773,1773,1.0
2023-01-06,1773,1773,1.0
2023-01-09,1773,1773,1.0
2023-01-10,1773,1773,1.0
2023-01-11,1774,1774,1.0
2023-01-12,1774,1774,1.0
2023-01-13,1774,1774,1.0
2023-01-16,1774,1774,1.0
2023-01-17,1774,1774,1.0
2023-01-30,1774,1774,1.0
2023-01-31,1774,1774,1.0
2023-02-01,1774,1774,1.0
2023-02-02,1774,1774,1.0
2023-02-03,1774,1774,1.0
2023-02-06,1774,1774,1.0
2023-02-07,1774,1774,1.0
2023-02-08,1774,1774,1.0
2023-02-09,1774,1774,1.0
2023-02-10,1773,1773,1.0
2023-02-13,1773,1773,1.0
2023-02-14,1773,1773,1.0
2023-02-15,1773,1773,1.0
2023-02-16,1773,1773,1.0
2023-02-17,1773,1773,1.0
2023-02-20,1773,1773,1.0
2023-02-21,1773,1773,1.0
2023-02-22,1773,1773,1.0
2023-02-23,1773,1773,1.0
2023-02-24,1773,1773,1.0
2023-03-01,1774,1774,1.0
2023-03-02,1774,1774,1.0
2023-03-03,1774,1774,1.0
2023-03-06,1774,1774,1.0
2023-03-07,1774,1774,1.0
2023-03-08,1774,1774,1.0
2023-03-09,1774,1774,1.0
2023-03-10,1775,1775,1.0
2023-03-13,1775,1775,1.0
2023-03-14,1777,1777,1.0
2023-03-15,1777,1777,1.0
2023-03-16,1777,1777,1.0
2023-03-17,1777,1777,1.0
2023-03-20,1777,1777,1.0
2023-03-21,1778,1778,1.0
2023-03-22,1778,1778,1.0
2023-03-23,1778,1778,1.0
2023-03-24,1780,1780,1.0
2023-03-27,1781,1781,1.0
2023-03-28,1781,1781,1.0
2023-03-29,1781,1781,1.0
2023-03-30,1781,1781,1.0
2023-03-31,1781,1781,1.0
2023-04-06,1780,1780,1.0
2023-04-07,1780,1780,1.0
2023-04-10,1780,1780,1.0
2023-04-11,1780,1780,1.0
2023-04-12,1780,1780,1.0
2023-04-13,1780,1780,1.0
2023-04-14,1780,1780,1.0
2023-04-17,1780,1780,1.0
2023-04-18,1780,1780,1.0
2023-04-19,1780,1780,1.0
2023-04-20,1780,1780,1.0
2023-04-21,1780,1780,1.0
2023-04-24,1780,1780,1.0
2023-04-25,1780,1780,1.0
2023-04-26,1780,1780,1.0
2023-04-27,1780,1780,1.0
2023-04-28,1780,1780,1.0
2023-05-02,1780,1780,1.0
2023-05-03,1780,1780,1.0
2023-05-04,1780,1780,1.0
2023-05-05,1780,1780,1.0
2023-05-08,1780,1780,1.0
2023-05-09,1780,1780,1.0
2023-05-10,1780,1780,1.0
2023-05-11,1780,1780,1.0
2023-05-12,1780,1780,1.0
2023-05-15,1781,1781,1.0
2023-05-16,1781,1781,1.0
2023-05-17,1781,1781,1.0
2023-05-18,1782,1782,1.0
2023-05-19,1782,1782,1.0
2023-05-22,1783,1783,1.0
2023-05-23,1783,1783,1.0
2023-05-24,1783,1783,1.0
2023-05-25,1783,1783,1.0
2023-05-26,1783,1783,1.0
2023-05-29,1783,1783,1.0
2023-05-30,1783,1783,1.0
2023-05-31,1784,1784,1.0
2023-06-01,1784,1784,1.0
2023-06-02,1784,1784,1.0
2023-06-05,1784,1784,1.0
2023-06-06,1784,1784,1.0
2023-06-07,1784,1784,1.0
2023-06-08,1784,1784,1.0
2023-06-09,1783,1783,1.0
2023-06-12,1784,1784,1.0
2023-06-13,1784,1784,1.0
2023-06-14,1784,1784,1.0
2023-06-15,1784,1784,1.0
2023-06-16,1785,1785,1.0
2023-06-19,1785,1785,1.0
2023-06-20,1785,1785,1.0
2023-06-21,1786,1786,1.0
2023-06-26,1785,1785,1.0
2023-06-27,1784,1784,1.0
2023-06-28,1784,1784,1.0
2023-06-29,1784,1784,1.0
2023-06-30,1784,1784,1.0
2023-07-03,1784,1784,1.0
2023-07-04,1784,1784,1.0
2023-07-05,1784,1784,1.0
2023-07-06,1784,1784,1.0
2023-07-07,1784,1784,1.0
2023-07-10,1784,1784,1.0
2023-07-11,1784,1784,1.0
2023-07-12,1784,1784,1.0
2023-07-13,1785,1785,1.0
2023-07-14,1785,1785,1.0
2023-07-17,1785,1785,1.0
2023-07-18,1785,1785,1.0
2023-07-19,1785,1785,1.0
2023-07-20,1785,1785,1.0
2023-07-21,1785,1785,1.0
2023-07-24,1785,1785,1.0
2023-07-25,1785,1785,1.0
2023-07-26,1785,1785,1.0
2023-07-27,1785,1785,1.0
2023-07-28,1785,1785,1.0
2023-07-31,1786,1786,1.0
2023-08-01,1786,1786,1.0
2023-08-02,1786,1786,1.0
2023-08-04,1786,1786,1.0
2023-08-07,1786,1786,1.0
2023-08-08,1786,1786,1.0
2023-08-09,1786,1786,1.0
2023-08-10,1786,1786,1.0
2023-08-11,1786,1786,1.0
2023-08-14,1786,1786,1.0
2023-08-15,1787,1787,1.0
2023-08-16,1787,1787,1.0
2023-08-17,1787,1787,1.0
2023-08-18,1787,1787,1.0
2023-08-21,1787,1787,1.0
2023-08-22,1788,1788,1.0
2023-08-23,1788,1788,1.0
2023-08-24,1788,1788,1.0
2023-08-25,1788,1788,1.0
2023-08-28,1788,1788,1.0
2023-08-29,1788,1788,1.0
2023-08-30,1788,1788,1.0
2023-08-31,1788,1788,1.0
2023-09-01,1788,1788,1.0
2023-09-04,1788,1788,1.0
2023-09-05,1788,1788,1.0
2023-09-06,1788,1788,1.0
2023-09-07,1788,1788,1.0
2023-09-08,1788,1788,1.0
2023-09-11,1788,1788,1.0
2023-09-12,1788,1788,1.0
2023-09-13,1788,1788,1.0
2023-09-14,1789,1789,1.0
2023-09-15,1789,1789,1.0
2023-09-18,1789,1789,1.0
2023-09-19,1790,1790,1.0
2023-09-20,1790,1790,1.0
2023-09-21,1790,1790,1.0
2023-09-22,1790,1790,1.0
2023-09-25,1790,1790,1.0
2023-09-26,1790,1790,1.0
2023-09-27,1790,1790,1.0
2023-09-28,1790,1790,1.0
2023-10-02,1790,1790,1.0
2023-10-03,1790,1790,1.0
2023-10-04,1790,1790,1.0
2023-10-05,1790,1790,1.0
2023-10-06,1790,1790,1.0
2023-10-11,1790,1790,1.0
2023-10-12,1790,1790,1.0
2023-10-13,1790,1790,1.0
2023-10-16,1790,1790,1.0
2023-10-17,1790,1790,1.0
2023-10-18,1790,1790,1.0
2023-10-19,1791,1791,1.0
2023-10-20,1792,1792,1.0
2023-10-23,1792,1792,1.0
2023-10-24,1792,1792,1.0
2023-10-25,1792,1792,1.0
2023-10-26,1792,1792,1.0
2023-10-27,1793,1793,1.0
2023-10-30,1793,1793,1.0
2023-10-31,1793,1793,1.0
2023-11-01,1792,1792,1.0
2023-11-02,1793,1793,1.0
2023-11-03,1793,1793,1.0
2023-11-06,1793,1793,1.0
2023-11-07,1793,1793,1.0
2023-11-08,1794,1794,1.0
2023-11-09,1796,1796,1.0
2023-11-10,1796,1796,1.0
2023-11-13,1796,1796,1.0
2023-11-14,1796,1796,1.0
2023-11-15,1796,1796,1.0
2023-11-16,1796,1796,1.0
2023-11-17,1796,1796,1.0
2023-11-20,1797,1797,1.0
2023-11-21,1798,1798,1.0
2023-11-22,1798,1798,1.0
2023-11-23,1798,1798,1.0
2023-11-24,1798,1798,1.0
2023-11-27,1798,1798,1.0
2023-11-28,1798,1798,1.0
2023-11-29,1800,1800,1.0
2023-11-30,1800,1800,1.0
2023-12-01,1800,1800,1.0
2023-12-04,1800,1800,1.0
2023-12-05,1803,1803,1.0
2023-12-06,1803,1803,1.0
2023-12-07,1803,1803,1.0
2023-12-08,1803,1803,1.0
2023-12-11,1803,1803,1.0
2023-12-12,1805,1805,1.0
2023-12-13,1805,1805,1.0
2023-12-14,1805,1805,1.0
2023-12-15,1805,1805,1.0
2023-12-18,1805,1805,1.0
2023-12-19,1806,1806,1.0
2023-12-20,1806,1806,1.0
2023-12-21,1808,1808,1.0
2023-12-22,1809,1809,1.0
2023-12-25,1809,1809,1.0
2023-12-26,1809,1809,1.0
2023-12-27,1809,1809,1.0
2023-12-28,1809,1809,1.0
2023-12-29,1809,1809,1.0
2024-01-02,1809,1809,1.0
2024-01-03,1809,1809,1.0
2024-01-04,1809,1809,1.0
2024-01-05,1809,1809,1.0
2024-01-08,1809,1809,1.0
2024-01-09,1809,1809,1.0
2024-01-10,1809,1809,1.0
2024-01-11,1809,1809,1.0
2024-01-12,1809,1809,1.0
2024-01-15,1810,1810,1.0
2024-01-16,1810,1810,1.0
2024-01-17,1810,1810,1.0
2024-01-18,1810,1810,1.0
2024-01-19,1810,1810,1.0
2024-01-22,1810,1810,1.0
2024-01-23,1810,1810,1.0
2024-01-24,1812,1812,1.0
2024-01-25,1813,1813,1.0
2024-01-26,1813,1813,1.0
2024-01-29,1814,1814,1.0
2024-01-30,1814,1814,1.0
2024-01-31,1813,1813,1.0
2024-02-01,1813,1813,1.0
2024-02-02,1814,1814,1.0
2024-02-05,1814,1814,1.0
2024-02-15,1814,1814,1.0
2024-02-16,1814,1814,1.0
2024-02-19,1814,1814,1.0
2024-02-20,1814,1814,1.0
2024-02-21,1814,1814,1.0
2024-02-22,1814,1814,1.0
2024-02-23,1814,1814,1.0
2024-02-26,1814,1814,1.0
2024-02-27,1814,1814,1.0
2024-02-29,1814,1814,1.0
2024-03-01,1814,1814,1.0
2024-03-04,1813,1813,1.0
2024-03-05,1813,1813,1.0
2024-03-06,1813,1813,1.0
2024-03-07,1814,1814,1.0
2024-03-08,1816,1816,1.0
2024-03-11,1816,1816,1.0
2024-03-12,1816,1816,1.0
2024-03-13,1816,1816,1.0
2024-03-14,1816,1816,1.0
2024-03-15,1816,1816,1.0
2024-03-18,1818,1818,1.0
2024-03-19,1818,1818,1.0
2024-03-20,1819,1819,1.0
2024-03-21,1819,1819,1.0
2024-03-22,1819,1819,1.0
2024-03-25,1819,1819,1.0
2024-03-26,1822,1822,1.0
2024-03-27,1822,1822,1.0
2024-03-28,1823,1823,1.0
2024-03-29,1823,1823,1.0
2024-04-01,1823,1823,1.0
2024-04-02,1823,1823,1.0
2024-04-03,1823,1823,1.0
2024-04-08,1824,1824,1.0
2024-04-09,1824,1824,1.0
2024-04-10,1824,1824,1.0
2024-04-11,1824,1824,1.0
2024-04-12,1824,1824,1.0
2024-04-15,1824,1824,1.0
2024-04-16,1824,1824,1.0
2024-04-17,1824,1824,1.0
2024-04-18,1824,1824,1.0
2024-04-19,1824,1824,1.0
2024-04-22,1824,1824,1.0
2024-04-23,1824,1824,1.0
2024-04-24,1824,1824,1.0
2024-04-25,1824,1824,1.0
2024-04-26,1824,1824,1.0
2024-04-29,1824,1824,1.0
2024-04-30,1824,1824,1.0
2024-05-02,1824,1824,1.0
2024-05-03,1825,1825,1.0
2024-05-06,1825,1825,1.0
2024-05-07,1825,1825,1.0
2024-05-08,1825,1825,1.0
2024-05-09,1826,1826,1.0
2024-05-10,1826,1826,1.0
2024-05-13,1828,1828,1.0
2024-05-14,1828,1828,1.0
2024-05-15,1828,1828,1.0
2024-05-16,1829,1829,1.0
2024-05-17,1830,1830,1.0
2024-05-20,1830,1830,1.0
2024-05-21,1832,1832,1.0
2024-05-22,1832,1832,1.0
2024-05-23,1832,1832,1.0
2024-05-24,1832,1832,1.0
2024-05-27,1832,1832,1.0
2024-05-28,1832,1832,1.0
2024-05-29,1832,1832,1.0
2024-05-30,1832,1832,1.0
2024-05-31,1831,1831,1.0
2024-06-03,1831,1831,1.0
2024-06-04,1831,1831,1.0
2024-06-05,1831,1831,1.0
2024-06-06,1831,1831,1.0
2024-06-07,1831,1831,1.0
2024-06-11,1831,1831,1.0
2024-06-12,1833,1833,1.0
2024-06-13,1834,1834,1.0
2024-06-14,1834,1834,1.0
2024-06-17,1834,1834,1.0
2024-06-18,1837,1837,1.0
2024-06-19,1837,1837,1.0
2024-06-20,1837,1837,1.0
2024-06-21,1837,1837,1.0
2024-06-24,1837,1837,1.0
2024-06-25,1838,1838,1.0
2024-06-26,1838,1838,1.0
2024-06-27,1839,1839,1.0
2024-06-28,1839,1839,1.0
2024-07-01,1839,1839,1.0
2024-07-02,1838,1838,1.0
2024-07-03,1838,1838,1.0
2024-07-04,1838,1838,1.0
2024-07-05,1838,1838,1.0
2024-07-08,1838,1838,1.0
2024-07-09,1838,1838,1.0
2024-07-10,1838,1838,1.0
2024-07-11,1838,1838,1.0
2024-07-12,1838,1838,1.0
2024-07-15,1838,1838,1.0
2024-07-16,1838,1838,1.0
2024-07-17,1838,1838,1.0
2024-07-18,1838,1838,1.0
2024-07-19,1838,1838,1.0
2024-07-22,1838,1838,1.0
2024-07-23,1838,1838,1.0
2024-07-26,1839,1839,1.0
2024-07-29,1839,1839,1.0
2024-07-30,1839,1839,1.0
2024-07-31,1839,1839,1.0
2024-08-01,1839,1839,1.0
2024-08-02,1839,1839,1.0
2024-08-05,1839,1839,1.0
2024-08-06,1839,1839,1.0
2024-08-07,1839,1839,1.0
2024-08-08,1839,1839,1.0
2024-08-09,1839,1839,1.0
2024-08-12,1839,1839,1.0
2024-08-13,1840,1840,1.0
2024-08-14,1841,1841,1.0
2024-08-15,1841,1841,1.0
2024-08-16,1841,1841,1.0
2024-08-19,1841,1841,1.0
2024-08-20,1842,1842,1.0
2024-08-21,1842,1842,1.0
2024-08-22,1842,1842,1.0
2024-08-23,1842,1842,1.0
2024-08-26,1842,1842,1.0
2024-08-27,1842,1842,1.0
2024-08-28,1842,1842,1.0
2024-08-29,1842,1842,1.0
2024-08-30,1842,1842,1.0
2024-09-02,1843,1843,1.0
2024-09-03,1843,1843,1.0
2024-09-04,1843,1843,1.0
2024-09-05,1843,1843,1.0
2024-09-06,1843,1843,1.0
2024-09-09,1844,1844,1.0
2024-09-10,1845,1845,1.0
2024-09-11,1845,1845,1.0
2024-09-12,1845,1845,1.0
2024-09-13,1845,1845,1.0
2024-09-16,1845,1845,1.0
2024-09-18,1845,1845,1.0
2024-09-19,1845,1845,1.0
2024-09-20,1846,1846,1.0
2024-09-23,1846,1846,1.0
2024-09-24,1846,1846,1.0
2024-09-25,1847,1847,1.0
2024-09-26,1849,1849,1.0
2024-09-27,1849,1849,1.0
2024-09-30,1849,1849,1.0
2024-10-01,1850,1850,1.0
2024-10-04,1851,1851,1.0
2024-10-07,1851,1851,1.0
2024-10-08,1851,1851,1.0
2024-10-09,1851,1851,1.0
2024-10-11,1851,1851,1.0
2024-10-14,1851,1851,1.0
2024-10-15,1851,1851,1.0
2024-10-16,1851,1851,1.0
2024-10-17,1851,1851,1.0
2024-10-18,1850,1850,1.0
2024-10-21,1850,1850,1.0
2024-10-22,1850,1850,1.0
2024-10-23,1853,1853,1.0
2024-10-24,1853,1853,1.0
2024-10-25,1854,1854,1.0
2024-10-28,1854,1854,1.0
2024-10-29,1854,1854,1.0
2024-10-30,1854,1854,1.0
2024-11-01,1854,1854,1.0
2024-11-04,1854,1854,1.0
2024-11-05,1854,1854,1.0
2024-11-06,1854,1854,1.0
2024-11-07,1854,1854,1.0
2024-11-08,1854,1854,1.0
2024-11-11,1854,1854,1.0
2024-11-12,1854,1854,1.0
2024-11-13,1855,1855,1.0
2024-11-14,1855,1855,1.0
2024-11-15,1856,1856,1.0
2024-11-18,1856,1856,1.0
2024-11-19,1854,1854,1.0
2024-11-20,1854,1854,1.0
2024-11-21,1854,1854,1.0
2024-11-22,1854,1854,1.0
2024-11-25,1854,1854,1.0
2024-11-26,1856,1856,1.0
2024-11-27,1856,1856,1.0
2024-11-28,1856,1856,1.0
2024-11-29,1855,1855,1.0
2024-12-02,1855,1855,1.0
2024-12-03,1856,1856,1.0
2024-12-04,1857,1857,1.0
2024-12-05,1858,1858,1.0
2024-12-06,1859,1859,1.0
2024-12-09,1859,1859,1.0
2024-12-10,1860,1860,1.0
2024-12-11,1861,1861,1.0
2024-12-12,1861,1861,1.0
2024-12-13,1861,1861,1.0
2024-12-16,1864,1864,1.0
2024-12-17,1864,1864,1.0
2024-12-18,1865,1865,1.0
2024-12-19,1865,1865,1.0
2024-12-20,1865,1865,1.0
2024-12-23,1865,1865,1.0
2024-12-24,1865,1865,1.0
2024-12-25,1865,1865,1.0
2024-12-26,1866,1866,1.0
2024-12-27,1866,1866,1.0
2024-12-30,1866,1866,1.0
2024-12-31,1866,1866,1.0
2025-01-02,1865,1865,1.0
2025-01-03,1865,1865,1.0
2025-01-06,1865,1865,1.0
2025-01-07,1865,1865,1.0
2025-01-08,1865,1865,1.0
2025-01-09,1865,1865,1.0
2025-01-10,1865,1865,1.0
2025-01-13,1865,1865,1.0
2025-01-14,1866,1866,1.0
2025-01-15,1870,1870,1.0
2025-01-16,1870,1870,1.0
2025-01-17,1871,1871,1.0
2025-01-20,1871,1871,1.0
2025-01-21,1871,1871,1.0
2025-01-22,1871,1871,1.0
2025-02-03,1871,1871,1.0
2025-02-04,1871,1871,1.0
2025-02-05,1871,1871,1.0
2025-02-06,1871,1871,1.0
2025-02-07,1871,1871,1.0
2025-02-10,1871,1871,1.0
2025-02-11,1871,1871,1.0
2025-02-12,1871,1871,1.0
2025-02-13,1871,1871,1.0
2025-02-14,1871,1871,1.0
2025-02-17,1871,1871,1.0
2025-02-18,1871,1871,1.0
2025-02-19,1871,1871,1.0
2025-02-20,1871,1871,1.0
2025-02-21,1871,1871,1.0
2025-02-24,1872,1872,1.0
2025-02-25,1873,1873,1.0
2025-02-26,1874,1874,1.0
2025-02-27,1874,1874,1.0
2025-03-03,1874,1874,1.0
2025-03-04,1874,1874,1.0
2025-03-05,1874,1874,1.0
2025-03-06,1875,1875,1.0
2025-03-07,1877,1877,1.0
2025-03-10,1878,1878,1.0
2025-03-11,1878,1878,1.0
2025-03-12,1878,1878,1.0
2025-03-13,1880,1880,1.0
2025-03-14,1880,1880,1.0
2025-03-17,1880,1880,1.0
2025-03-18,1882,1882,1.0
2025-03-19,1882,1882,1.0
2025-03-20,1882,1882,1.0
2025-03-21,1882,1882,1.0
2025-03-24,1882,1882,1.0
2025-03-25,1883,1883,1.0
2025-03-26,1883,1883,1.0
2025-03-27,1883,1883,1.0
2025-03-28,1883,1883,1.0
2025-03-31,1883,1883,1.0
2025-04-01,1883,1883,1.0
2025-04-02,1883,1883,1.0
2025-04-07,1883,1883,1.0
2025-04-08,1883,1883,1.0
2025-04-09,1883,1883,1.0
2025-04-10,1883,1883,1.0
2025-04-11,1883,1883,1.0
2025-04-14,1883,1883,1.0
2025-04-15,1883,1883,1.0
2025-04-16,1883,1883,1.0
2025-04-17,1883,1883,1.0
2025-04-18,1883,1883,1.0
2025-04-21,1883,1883,1.0
2025-04-22,1883,1883,1.0
2025-04-23,1883,1883,1.0
2025-04-24,1883,1883,1.0
2025-04-25,1883,1883,1.0
2025-04-28,1884,1884,1.0
2025-04-29,1884,1884,1.0
2025-04-30,1885,1885,1.0
2025-05-02,1885,1885,1.0
2025-05-05,1885,1885,1.0
2025-05-06,1885,1885,1.0
2025-05-07,1885,1885,1.0
2025-05-08,1886,1886,1.0
2025-05-09,1886,1886,1.0
2025-05-12,1886,1886,1.0
2025-05-13,1886,1886,1.0
2025-05-14,1886,1886,1.0
2025-05-15,1886,1886,1.0
2025-05-16,1886,1886,1.0
2025-05-19,1886,1886,1.0
2025-05-20,1888,1888,1.0
2025-05-21,1889,1889,1.0
2025-05-22,1890,1890,1.0
2025-05-23,1890,1890,1.0
2025-05-26,1890,1890,1.0
2025-05-27,1891,1891,1.0
2025-05-28,1893,1893,1.0
2025-05-29,1893,1893,1.0
2025-06-02,1893,1893,1.0
2025-06-03,1893,1893,1.0
2025-06-04,1893,1893,1.0
2025-06-05,1893,1893,1.0
2025-06-06,1893,1893,1.0
2025-06-09,1893,1893,1.0
2025-06-10,1894,1894,1.0
2025-06-11,1894,1894,1.0
2025-06-12,1894,1894,1.0
2025-06-13,1895,1895,1.0
2025-06-16,1896,1896,1.0
2025-06-17,1896,1896,1.0
2025-06-18,1896,1896,1.0
2025-06-19,1896,1896,1.0
2025-06-20,1896,1896,1.0
2025-06-23,1895,1895,1.0
2025-06-24,1895,1895,1.0
2025-06-25,1895,1895,1.0
2025-06-26,1895,1895,1.0
2025-06-27,1895,1895,1.0
2025-06-30,1895,1895,1.0
2025-07-01,1895,1895,1.0
2025-07-02,1895,1895,1.0
2025-07-03,1895,1895,1.0
2025-07-04,1895,1895,1.0
2025-07-07,1895,1895,1.0
2025-07-08,1895,1895,1.0
2025-07-09,1895,1895,1.0
2025-07-10,1895,1895,1.0
2025-07-11,1896,1896,1.0
2025-07-14,1896,1896,1.0
2025-07-15,1896,1896,1.0
2025-07-16,1896,1896,1.0
2025-07-17,1896,1896,1.0
2025-07-18,1896,1896,1.0
2025-07-21,1896,1896,1.0
2025-07-22,1896,1896,1.0
2025-07-23,1896,1896,1.0
2025-07-24,1895,1895,1.0
2025-07-25,1895,1895,1.0
2025-07-28,1895,1895,1.0
2025-07-29,1897,1897,1.0
2025-07-30,1897,1897,1.0
2025-07-31,1897,1897,1.0
2025-08-01,1897,1897,1.0
2025-08-04,1897,1897,1.0
2025-08-05,1897,1897,1.0
2025-08-06,1898,1898,1.0
2025-08-07,1898,1898,1.0
2025-08-08,1898,1898,1.0
2025-08-11,1899,1899,1.0
2025-08-12,1899,1899,1.0
2025-08-13,1899,1899,1.0
2025-08-14,1899,1899,1.0
2025-08-15,1900,1900,1.0
2025-08-18,1900,1900,1.0
2025-08-19,1900,1900,1.0
2025-08-20,1900,1900,1.0
2025-08-21,1901,1901,1.0
2025-08-22,1901,1901,1.0
2025-08-25,1901,1901,1.0
2025-08-26,1902,1902,1.0
2025-08-27,1902,1902,1.0
2025-08-28,1902,1902,1.0
2025-08-29,1902,1902,1.0
2025-09-01,1902,1902,1.0
2025-09-02,1902,1902,1.0
2025-09-03,1902,1902,1.0
2025-09-04,1902,1902,1.0
2025-09-05,1902,1902,1.0
2025-09-08,1903,1903,1.0
2025-09-09,1906,1906,1.0
2025-09-10,1906,1906,1.0
2025-09-11,1906,1906,1.0
2025-09-12,1906,1906,1.0
2025-09-15,1907,1907,1.0
2025-09-16,1907,1907,1.0
2025-09-17,1908,1908,1.0
2025-09-18,1908,1908,1.0
2025-09-19,1908,1908,1.0
2025-09-22,1908,1908,1.0
2025-09-23,1908,1908,1.0
2025-09-24,1908,1908,1.0
2025-09-25,1908,1908,1.0
2025-09-26,1909,1909,1.0
2025-09-30,1909,1909,1.0
2025-10-01,1908,1908,1.0
2025-10-02,1909,1909,1.0
2025-10-03,1909,1909,1.0
2025-10-07,1909,1909,1.0
2025-10-08,1909,1909,1.0
2025-10-09,1909,1909,1.0
2025-10-13,1909,1909,1.0
2025-10-14,1909,1909,1.0
2025-10-15,1909,1909,1.0
2025-10-16,1911,1911,1.0
2025-10-17,1911,1911,1.0
2025-10-20,1912,1912,1.0
2025-10-21,1912,1912,1.0
2025-10-22,1912,1912,1.0
2025-10-23,1912,1912,1.0
2025-10-27,1912,1912,1.0
2025-10-28,1915,1915,1.0
2025-10-29,1915,1915,1.0
2025-10-30,1915,1915,1.0
2025-10-31,1915,1915,1.0
2025-11-03,1915,1915,1.0
2025-11-04,1916,1916,1.0
2025-11-05,1916,1916,1.0
2025-11-06,1916,1916,1.0
2025-11-07,1916,1916,1.0
2025-11-10,1916,1916,1.0
2025-11-11,1916,1916,1.0
2025-11-12,1916,1916,1.0
2025-11-13,1916,1916,1.0
2025-11-14,1916,1916,1.0
2025-11-17,1918,1918,1.0
2025-11-18,1919,1919,1.0
2025-11-19,1920,1920,1.0
2025-11-20,1920,1920,1.0
2025-11-21,1920,1920,1.0
2025-11-24,1920,1920,1.0
2025-11-25,1923,1923,1.0
2025-11-26,1923,1923,1.0
2025-11-27,1925,1925,1.0
2025-11-28,1925,1925,1.0
2025-12-01,1925,1925,1.0
2025-12-02,1925,1925,1.0
2025-12-03,1925,1925,1.0
2025-12-04,1925,1925,1.0
2025-12-05,1925,1925,1.0
2025-12-08,1925,1925,1.0
2025-12-09,1925,1925,1.0
2025-12-10,1928,1928,1.0
2025-12-11,1929,1929,1.0
2025-12-12,1929,1929,1.0
2025-12-15,1929,1929,1.0
2025-12-16,1929,1929,1.0
2025-12-17,1930,1930,1.0
2025-12-18,1930,1930,1.0
2025-12-19,1930,1930,1.0
2025-12-22,1934,1934,1.0
2025-12-23,1937,1937,1.0
2025-12-24,1937,1937,1.0
2025-12-26,1937,1937,1.0
2025-12-29,1937,1937,1.0
2025-12-30,1938,1938,1.0
2025-12-31,1938,1938,1.0
2026-01-02,1938,1938,1.0
2026-01-05,1938,1938,1.0
2026-01-06,1938,1938,1.0
2026-01-07,1938,1938,1.0
2026-01-08,1938,1938,1.0
2026-01-09,1938,1938,1.0
2026-01-12,1938,1938,1.0
2026-01-13,1938,1938,1.0
2026-01-14,1938,1938,1.0
2026-01-15,1938,1938,1.0
2026-01-16,1940,1940,1.0
2026-01-19,1940,1940,1.0
2026-01-20,1940,1940,1.0
2026-01-21,1940,1940,1.0
2026-01-22,1943,1943,1.0
2026-01-23,1943,1943,1.0
2026-01-26,1943,1943,1.0
2026-01-27,1943,1943,1.0
2026-01-28,1944,1944,1.0
2026-01-29,1946,1946,1.0
2026-01-30,1946,1946,1.0
2026-02-02,1947,1947,1.0
2026-02-03,1948,1948,1.0
2026-02-04,1948,1948,1.0
2026-02-05,1949,1949,1.0
2026-02-06,1949,1949,1.0
2026-02-09,1949,1949,1.0
2026-02-10,1949,1949,1.0
2026-02-11,1949,1949,1.0
2026-02-23,1949,1949,1.0
2026-02-24,1949,1949,1.0
2026-02-25,1949,1949,1.0
2026-02-26,1949,1949,1.0
2026-03-02,1949,1949,1.0
2026-03-03,1949,1949,1.0
2026-03-04,1949,1949,1.0
2026-03-05,1949,1949,1.0
2026-03-06,1949,1949,1.0
2026-03-09,1949,1949,1.0
2026-03-10,1949,1949,1.0
2026-03-11,1949,1949,1.0
2026-03-12,1949,1949,1.0
2026-03-13,1949,1949,1.0
2026-03-16,1949,1949,1.0
2026-03-17,1949,1949,1.0
2026-03-18,1949,1949,1.0
2026-03-19,1949,1949,1.0
2026-03-20,1949,1949,1.0
2026-03-23,1949,1949,1.0
2026-03-24,1949,1949,1.0
2026-03-25,1951,1951,1.0
2026-03-26,1952,1952,1.0
2026-03-27,1951,1951,1.0
2026-03-30,1953,1953,1.0
2026-03-31,1953,1953,1.0
2026-04-01,1953,1953,1.0
2026-04-02,1953,1953,1.0
2026-04-07,1953,1953,1.0
2026-04-08,1954,1954,1.0
2026-04-09,1954,1954,1.0
2026-04-10,1954,1954,1.0
2026-04-13,1954,1954,1.0
2026-04-14,1954,1954,1.0
2026-04-15,1954,1954,1.0
2026-04-16,1954,1954,1.0
2026-04-17,1954,1954,1.0
2026-04-20,1956,1956,1.0
2026-04-21,1956,1956,1.0
2026-04-22,1957,1957,1.0
2026-04-23,1957,1957,1.0
2026-04-24,1957,1957,1.0
2026-04-27,1958,1958,1.0
2026-04-28,1959,1959,1.0
2026-04-29,1959,1959,1.0
2026-04-30,1960,1960,1.0
2026-05-04,1960,1960,1.0
2026-05-05,1960,1960,1.0
2026-05-06,1961,1961,1.0
2026-05-07,1962,1962,1.0
2026-05-08,1963,1963,1.0
2026-05-11,1965,1965,1.0
2026-05-12,1965,1965,1.0
2026-05-13,1965,1965,1.0
2026-05-14,1965,1965,1.0
2026-05-15,1965,1965,1.0
2026-05-18,1966,1966,1.0
2026-05-19,1966,1966,1.0
2026-05-20,1967,1967,1.0
2026-05-21,1967,1967,1.0
2026-05-22,1968,1968,1.0
2026-05-25,1969,1969,1.0
2026-05-26,1969,1969,1.0
2026-05-27,1970,1970,1.0
2026-05-28,1970,1970,1.0
2026-05-29,1970,1970,1.0
2026-06-01,1970,1970,1.0
2026-06-02,1970,1970,1.0
2026-06-03,1970,1970,1.0
2026-06-04,1970,1970,1.0
2026-06-05,1971,1971,1.0
2026-06-08,1970,1970,1.0
2026-06-09,1970,1970,1.0
2026-06-10,1970,1970,1.0
2026-06-11,1970,1970,1.0
2026-06-12,1970,1970,1.0
2026-06-15,1971,1971,1.0
2026-06-16,1971,1971,1.0
2026-06-17,1972,1972,1.0
2026-06-18,1972,1972,1.0
2026-06-22,1972,1972,1.0
2026-06-23,1972,1972,1.0
2026-06-24,1972,1972,1.0
2026-06-25,1972,1972,1.0
2026-06-26,1973,1973,1.0
2026-06-29,1973,1973,1.0
2026-06-30,1973,1973,1.0
2026-07-01,1973,1973,1.0
2026-07-02,1973,1973,1.0
2026-07-03,1973,1973,1.0
2026-07-06,1973,1973,1.0
2026-07-07,1973,1973,1.0
2026-07-08,1973,1973,1.0
2026-07-09,1973,1973,1.0
2026-07-13,1973,1973,1.0
2026-07-14,1973,1973,1.0
2026-07-15,1973,1973,1.0
2026-07-16,1975,1975,1.0
2026-07-17,1975,1975,1.0
2026-07-20,1975,1975,1.0
2026-07-21,1975,1975,1.0
2026-07-22,1975,1975,1.0
2026-07-23,1976,1976,1.0
2026-07-24,1977,1977,1.0
2026-07-27,1977,1977,1.0
2026-07-28,1977,1977,1.0
2026-07-29,1977,1977,1.0
2026-07-30,1977,1977,1.0
2026-07-31,1977,1977,1.0
2026-08-03,1977,1977,1.0
2026-08-04,1977,1977,1.0
2026-08-05,1977,1977,1.0
2026-08-06,1977,1977,1.0
2026-08-07,1977,1977,1.0
2026-08-10,1978,1978,1.0
2026-08-11,1979,1979,1.0
2026-08-12,1979,1979,1.0
2026-08-13,1979,1979,1.0
2026-08-14,1979,1979,1.0
2026-08-17,1979,1979,1.0
2026-08-18,1979,1979,1.0
2026-08-19,1979,1979,1.0
2026-08-20,1979,1979,1.0
