symbol,exchange,first_seen,last_seen,trading_days,source
1240,TPEx,2018-08-08,2026-08-19,1945,TPEX_DAILY_QUOTES
1258,TPEx,2018-01-02,2023-05-31,1252,TPEX_DAILY_QUOTES
1259,TPEx,2018-01-02,2026-08-17,1971,TPEX_DAILY_QUOTES
1264,TPEx,2018-01-02,2026-08-19,2051,TPEX_DAILY_QUOTES
1268,TPEx,2018-01-02,2026-08-19,2086,TPEX_DAILY_QUOTES
1294,TPEx,2024-09-26,2026-08-19,458,TPEX_STK_WN1430
1295,TPEx,2025-05-27,2026-08-19,302,TPEX_STK_WN1430
1333,TPEx,2018-01-03,2020-04-06,443,TPEX_DAILY_QUOTES
1336,TPEx,2018-01-02,2026-08-19,2094,TPEX_DAILY_QUOTES
1565,TPEx,2018-01-02,2026-08-19,2095,TPEX_DAILY_QUOTES
1566,TPEx,2018-01-02,2019-07-24,377,TPEX_DAILY_QUOTES
1569,TPEx,2018-01-02,2026-08-19,2095,TPEX_DAILY_QUOTES
1570,TPEx,2018-01-02,2026-08-19,2088,TPEX_DAILY_QUOTES
1580,TPEx,2018-01-02,2026-08-19,2095,TPEX_DAILY_QUOTES
1584,TPEx,2018-01-02,2026-08-19,2094,TPEX_DAILY_QUOTES
1586,TPEx,2018-01-02,2026-08-19,2095,TPEX_DAILY_QUOTES
1591,TPEx,2018-01-02,2026-08-19,2058,TPEX_DAILY_QUOTES
1593,TPEx,2018-01-02,2026-08-19,2084,TPEX_DAILY_QUOTES
1595,TPEx,2018-01-02,2026-08-19,2091,TPEX_DAILY_QUOTES
1597,TPEx,2018-01-02,2020-12-22,724,TPEX_DAILY_QUOTES
1599,TPEx,2018-01-02,2026-08-19,2094,TPEX_DAILY_QUOTES
1742,TPEx,2018-01-02,2026-08-19,2085,TPEX_DAILY_QUOTES
1752,TPEx,2018-01-02,2022-01-18,986,TPEX_DAILY_QUOTES
1777,TPEx,2018-01-02,2026-08-19,2089,TPEX_DAILY_QUOTES
1780,TPEx,2026-06-17,2026-08-19,44,TPEX_STK_WN1430
1781,TPEx,2018-01-02,2026-08-18,2091,TPEX_DAILY_QUOTES
1784,TPEx,2018-01-02,2026-08-19,2095,TPEX_DAILY_QUOTES
1785,TPEx,2018-01-02,2026-08-19,2095,TPEX_DAILY_QUOTES
1787,TPEx,2018-01-02,2019-11-20,454,TPEX_DAILY_QUOTES
1788,TPEx,2018-01-02,2026-08-19,2087,TPEX_DAILY_QUOTES
1795,TPEx,2018-01-02,2019-12-13,474,TPEX_DAILY_QUOTES
1796,TPEx,2018-01-22,2026-08-19,2025,TPEX_DAILY_QUOTES
1799,TPEx,2018-01-02,2026-08-19,2087,TPEX_DAILY_QUOTES
1813,TPEx,2018-01-02,2026-08-18,2085,TPEX_DAILY_QUOTES
1815,TPEx,2018-01-02,2026-08-19,2095,TPEX_DAILY_QUOTES
2035,TPEx,2018-01-02,2026-08-19,1898,TPEX_DAILY_QUOTES
2061,TPEx,2018-01-02,2026-08-19,2070,TPEX_DAILY_QUOTES
2063,TPEx,2018-01-02,2026-08-19,2090,TPEX_DAILY_QUOTES
2064,TPEx,2018-01-02,2026-08-19,1966,TPEX_DAILY_QUOTES
2065,TPEx,2018-01-02,2026-08-19,2091,TPEX_DAILY_QUOTES
2066,TPEx,2018-01-02,2026-08-19,2076,TPEX_DAILY_QUOTES
2067,TPEx,2018-01-02,2026-08-19,2035,TPEX_DAILY_QUOTES
2070,TPEx,2018-12-17,2026-08-19,1835,TPEX_STK_WN1430
2073,TPEx,2023-06-21,2026-08-18,566,TPEX_STK_WN1430
2221,TPEx,2018-01-02,2026-08-19,2090,TPEX_DAILY_QUOTES
2230,TPEx,2018-01-02,2026-08-19,2090,TPEX_DAILY_QUOTES
2233,TPEx,2018-01-02,2019-09-16,413,TPEX_DAILY_QUOTES
2235,TPEx,2018-01-02,2026-08-19,1921,TPEX_DAILY_QUOTES
2596,TPEx,2018-01-02,2026-08-19,2094,TPEX_DAILY_QUOTES
2640,TPEx,2018-01-02,2026-08-19,2090,TPEX_DAILY_QUOTES
2641,TPEx,2018-01-02,2026-08-19,2090,TPEX_DAILY_QUOTES
2643,TPEx,2018-01-02,2026-08-19,2088,TPEX_DAILY_QUOTES
2718,TPEx,2018-01-10,2026-08-19,1764,TPEX_DAILY_QUOTES
2719,TPEx,2018-01-03,2026-08-19,1931,TPEX_DAILY_QUOTES
2724,TPEx,2018-01-09,2026-08-19,1623,TPEX_DAILY_QUOTES
2726,TPEx,2018-01-02,2026-08-19,2076,TPEX_DAILY_QUOTES
2729,TPEx,2018-01-02,2026-08-19,2092,TPEX_DAILY_QUOTES
2732,TPEx,2018-01-02,2026-08-19,2095,TPEX_DAILY_QUOTES
2734,TPEx,2018-01-02,2026-08-19,2066,TPEX_DAILY_QUOTES
2736,TPEx,2018-01-02,2026-08-19,2075,TPEX_DAILY_QUOTES
2740,TPEx,2018-01-02,2026-08-19,1641,TPEX_DAILY_QUOTES
2743,TPEx,2020-03-09,2026-08-19,1568,TPEX_STK_WN1430
2745,TPEx,2018-04-16,2026-08-19,2021,TPEX_DAILY_QUOTES
2751,TPEx,2024-09-10,2026-08-19,463,TPEX_STK_WN1430
2752,TPEx,2019-09-25,2026-08-19,1584,TPEX_STK_WN1430
2754,TPEx,2020-09-17,2026-08-19,1437,TPEX_STK_WN1430
2755,TPEx,2020-12-16,2026-08-19,1365,TPEX_STK_WN1430
2756,TPEx,2022-01-14,2026-08-19,1099,TPEX_STK_WN1430
2916,TPEx,2018-01-02,2026-08-19,2034,TPEX_DAILY_QUOTES
2924,TPEx,2018-01-02,2026-08-19,1569,TPEX_DAILY_QUOTES
2926,TPEx,2018-01-02,2026-08-19,2081,TPEX_DAILY_QUOTES
2928,TPEx,2018-01-02,2021-10-13,909,TPEX_DAILY_QUOTES
2937,TPEx,2018-01-02,2026-08-19,1908,TPEX_DAILY_QUOTES
2941,TPEx,2024-03-20,2026-08-19,395,TPEX_STK_WN1430
2947,TPEx,2021-10-06,2026-08-18,1078,TPEX_STK_WN1430
2948,TPEx,2023-12-12,2026-08-19,502,TPEX_STK_WN1430
2949,TPEx,2023-12-15,2026-08-19,538,TPEX_STK_WN1430
3064,TPEx,2018-01-02,2026-08-04,1740,TPEX_DAILY_QUOTES
3066,TPEx,2018-01-02,2026-08-19,2026,TPEX_DAILY_QUOTES
3067,TPEx,2018-01-03,2026-08-19,1655,TPEX_DAILY_QUOTES
3068,TPEx,2018-01-02,2018-06-06,100,TPEX_DAILY_QUOTES
3071,TPEx,2018-01-02,2026-08-19,2089,TPEX_DAILY_QUOTES
3073,TPEx,2018-01-03,2026-08-19,1775,TPEX_DAILY_QUOTES
3078,TPEx,2018-01-02,2026-08-19,2095,TPEX_DAILY_QUOTES
3081,TPEx,2018-01-02,2026-08-19,2095,TPEX_DAILY_QUOTES
3083,TPEx,2018-01-02,2026-08-19,2095,TPEX_DAILY_QUOTES
3085,TPEx,2018-01-02,2026-08-19,1904,TPEX_DAILY_QUOTES
3086,TPEx,2018-01-02,2026-08-19,1915,TPEX_DAILY_QUOTES
3088,TPEx,2018-01-02,2026-08-19,2095,TPEX_DAILY_QUOTES
3089,TPEx,2018-01-02,2023-07-19,1193,TPEX_DAILY_QUOTES
3092,TPEx,2018-01-02,2021-05-12,812,TPEX_DAILY_QUOTES
3093,TPEx,2018-01-03,2026-08-19,2042,TPEX_DAILY_QUOTES
3095,TPEx,2018-01-02,2026-08-19,2034,TPEX_DAILY_QUOTES
3105,TPEx,2018-01-02,2026-08-19,2095,TPEX_DAILY_QUOTES
3114,TPEx,2018-01-02,2026-08-19,2095,TPEX_DAILY_QUOTES
3115,TPEx,2018-01-03,2026-08-19,1844,TPEX_DAILY_QUOTES
3118,TPEx,2018-01-02,2026-08-19,2067,TPEX_DAILY_QUOTES
3122,TPEx,2018-01-02,2026-08-19,2080,TPEX_DAILY_QUOTES
3128,TPEx,2018-01-02,2026-08-19,2095,TPEX_DAILY_QUOTES
3131,TPEx,2018-01-02,2026-08-19,2094,TPEX_DAILY_QUOTES
3141,TPEx,2018-01-02,2026-08-19,2095,TPEX_DAILY_QUOTES
3144,TPEx,2018-01-02,2021-12-13,960,TPEX_DAILY_QUOTES
3147,TPEx,2018-05-29,2026-08-19,1999,TPEX_DAILY_QUOTES
3152,TPEx,2018-01-02,2026-08-19,2090,TPEX_DAILY_QUOTES
3158,TPEx,2025-11-17,2026-08-19,179,TPEX_STK_WN1430
3162,TPEx,2018-01-02,2026-08-19,2038,TPEX_DAILY_QUOTES
3163,TPEx,2018-01-02,2026-08-19,2095,TPEX_DAILY_QUOTES
3169,TPEx,2018-01-02,2026-08-19,2088,TPEX_DAILY_QUOTES
3171,TPEx,2018-01-02,2026-08-19,2049,TPEX_DAILY_QUOTES
3176,TPEx,2018-01-02,2026-08-19,2095,TPEX_DAILY_QUOTES
3178,TPEx,2018-11-19,2026-08-19,1879,TPEX_STK_WN1430
3188,TPEx,2018-01-02,2026-08-19,2072,TPEX_DAILY_QUOTES
3191,TPEx,2018-01-02,2026-08-19,2021,TPEX_DAILY_QUOTES
3202,TPEx,2018-01-02,2025-04-02,1758,TPEX_DAILY_QUOTES
3205,TPEx,2018-01-02,2026-08-19,2095,TPEX_DAILY_QUOTES
3206,TPEx,2018-01-02,2026-08-19,2095,TPEX_DAILY_QUOTES
3207,TPEx,2018-01-02,2026-08-19,2009,TPEX_DAILY_QUOTES
3211,TPEx,2018-01-02,2026-08-19,2095,TPEX_DAILY_QUOTES
3213,TPEx,2018-01-02,2026-08-19,2095,TPEX_DAILY_QUOTES
3217,TPEx,2018-01-02,2026-08-19,2095,TPEX_DAILY_QUOTES
3218,TPEx,2018-01-02,2026-08-19,2095,TPEX_DAILY_QUOTES
3219,TPEx,2018-01-02,2026-08-19,1760,TPEX_DAILY_QUOTES
3221,TPEx,2018-01-02,2026-08-19,2095,TPEX_DAILY_QUOTES
3224,TPEx,2018-01-02,2026-08-19,2094,TPEX_DAILY_QUOTES
3226,TPEx,2018-01-02,2026-08-19,1883,TPEX_DAILY_QUOTES
3227,TPEx,2018-01-02,2026-08-19,2095,TPEX_DAILY_QUOTES
3228,TPEx,2018-01-02,2026-08-19,2095,TPEX_DAILY_QUOTES
3230,TPEx,2018-01-02,2026-08-19,2064,TPEX_DAILY_QUOTES
3232,TPEx,2018-01-02,2026-08-19,2095,TPEX_DAILY_QUOTES
3234,TPEx,2018-01-02,2026-08-19,2095,TPEX_DAILY_QUOTES
3236,TPEx,2018-01-02,2026-08-19,2095,TPEX_DAILY_QUOTES
3252,TPEx,2018-01-02,2026-08-19,2090,TPEX_DAILY_QUOTES
3259,TPEx,2018-01-02,2026-08-19,2079,TPEX_DAILY_QUOTES
3260,TPEx,2018-01-02,2026-08-19,2094,TPEX_DAILY_QUOTES
3264,TPEx,2018-01-02,2026-08-19,2095,TPEX_DAILY_QUOTES
3265,TPEx,2018-01-02,2026-08-19,2095,TPEX_DAILY_QUOTES
3268,TPEx,2018-01-02,2026-08-19,2089,TPEX_DAILY_QUOTES
3272,TPEx,2018-01-02,2026-08-19,2095,TPEX_DAILY_QUOTES
3276,TPEx,2018-01-02,2026-08-19,2058,TPEX_DAILY_QUOTES
3284,TPEx,2018-01-02,2026-08-19,2085,TPEX_DAILY_QUOTES
3285,TPEx,2018-01-02,2026-08-19,2092,TPEX_DAILY_QUOTES
3287,TPEx,2018-01-02,2026-08-19,2086,TPEX_DAILY_QUOTES
3288,TPEx,2018-01-02,2026-08-19,1858,TPEX_DAILY_QUOTES
3289,TPEx,2018-01-02,2026-08-19,2095,TPEX_DAILY_QUOTES
3290,TPEx,2018-01-02,2026-08-19,2087,TPEX_DAILY_QUOTES
3293,TPEx,2018-01-02,2026-08-19,2095,TPEX_DAILY_QUOTES
3294,TPEx,2018-01-02,2026-08-19,2095,TPEX_DAILY_QUOTES
3297,TPEx,2018-01-02,2026-08-19,2095,TPEX_DAILY_QUOTES
3299,TPEx,2018-01-02,2018-11-21,217,TPEX_DAILY_QUOTES
3303,TPEx,2018-01-02,2026-08-19,2095,TPEX_DAILY_QUOTES
3306,TPEx,2018-01-02,2026-08-19,2092,TPEX_DAILY_QUOTES
3310,TPEx,2018-01-02,2026-08-19,2088,TPEX_DAILY_QUOTES
3313,TPEx,2018-01-02,2026-08-19,2094,TPEX_DAILY_QUOTES
3317,TPEx,2018-01-02,2026-08-19,2095,TPEX_DAILY_QUOTES
3322,TPEx,2018-01-02,2026-08-19,2095,TPEX_DAILY_QUOTES
3323,TPEx,2018-01-02,2026-08-19,2095,TPEX_DAILY_QUOTES
3324,TPEx,2018-01-02,2026-08-19,2095,TPEX_DAILY_QUOTES
3325,TPEx,2018-01-02,2026-08-19,2095,TPEX_DAILY_QUOTES
3332,TPEx,2018-01-05,2026-08-19,1683,TPEX_DAILY_QUOTES
3339,TPEx,2018-01-02,2026-08-19,2050,TPEX_DAILY_QUOTES
3349,TPEx,2022-03-23,2026-08-19,1035,TPEX_STK_WN1430
3354,TPEx,2018-01-02,2026-08-19,2095,TPEX_DAILY_QUOTES
3357,TPEx,2021-04-27,2026-08-19,1294,TPEX_STK_WN1430
3360,TPEx,2018-01-02,2026-08-19,2095,TPEX_DAILY_QUOTES
3362,TPEx,2018-01-02,2026-08-19,2095,TPEX_DAILY_QUOTES
3363,TPEx,2018-01-02,2026-08-19,2095,TPEX_DAILY_QUOTES
3372,TPEx,2018-01-02,2026-08-19,2089,TPEX_DAILY_QUOTES
3373,TPEx,2018-01-02,2026-08-19,2095,TPEX_DAILY_QUOTES
3374,TPEx,2018-01-02,2026-08-19,2095,TPEX_DAILY_QUOTES
3379,TPEx,2018-01-02,2026-08-19,2090,TPEX_DAILY_QUOTES
3388,TPEx,2018-01-02,2026-08-19,2095,TPEX_DAILY_QUOTES
3390,TPEx,2018-01-02,2026-08-19,2095,TPEX_DAILY_QUOTES
3402,TPEx,2018-01-02,2026-08-19,2095,TPEX_DAILY_QUOTES
3426,TPEx,2018-01-02,2026-06-01,1810,TPEX_DAILY_QUOTES
3428,TPEx,2018-01-02,2018-09-17,172,TPEX_DAILY_QUOTES
3430,TPEx,2022-09-08,2026-08-19,955,TPEX_STK_WN1430
3431,TPEx,2018-01-02,2019-01-18,241,TPEX_DAILY_QUOTES
3434,TPEx,2018-01-02,2026-08-19,2009,TPEX_DAILY_QUOTES
3438,TPEx,2018-01-02,2026-08-19,2087,TPEX_DAILY_QUOTES
3441,TPEx,2018-01-02,2026-08-19,2095,TPEX_DAILY_QUOTES
3444,TPEx,2018-01-02,2026-08-19,2095,TPEX_DAILY_QUOTES
3452,TPEx,2018-01-02,2020-01-10,485,TPEX_DAILY_QUOTES
3455,TPEx,2018-01-02,2026-08-19,2094,TPEX_DAILY_QUOTES
3465,TPEx,2018-01-03,2026-08-19,1935,TPEX_DAILY_QUOTES
3466,TPEx,2018-01-02,2026-08-19,2060,TPEX_DAILY_QUOTES
3467,TPEx,2025-03-25,2026-08-19,344,TPEX_STK_WN1430
3479,TPEx,2018-01-02,2026-08-19,2095,TPEX_DAILY_QUOTES
3483,TPEx,2018-01-02,2026-08-19,2095,TPEX_DAILY_QUOTES
3484,TPEx,2018-01-02,2026-08-19,2095,TPEX_DAILY_QUOTES
3485,TPEx,2026-05-06,2026-08-19,74,TPEX_STK_WN1430
3489,TPEx,2018-01-02,2026-08-19,2087,TPEX_DAILY_QUOTES
3490,TPEx,2018-01-02,2026-08-19,2089,TPEX_DAILY_QUOTES
3491,TPEx,2018-01-02,2026-08-19,2093,TPEX_DAILY_QUOTES
3492,TPEx,2018-01-02,2026-08-19,2089,TPEX_DAILY_QUOTES
3498,TPEx,2018-01-02,2026-08-19,2089,TPEX_DAILY_QUOTES
3499,TPEx,2018-01-02,2026-08-19,2095,TPEX_DAILY_QUOTES
3508,TPEx,2018-01-02,2026-08-19,2095,TPEX_DAILY_QUOTES
3511,TPEx,2018-01-02,2026-08-19,2094,TPEX_DAILY_QUOTES
3512,TPEx,2018-01-02,2026-08-19,2095,TPEX_DAILY_QUOTES
3516,TPEx,2018-01-02,2026-08-19,2069,TPEX_DAILY_QUOTES
3520,TPEx,2018-01-02,2026-08-19,2088,TPEX_DAILY_QUOTES
3521,TPEx,2018-01-02,2026-08-19,2087,TPEX_DAILY_QUOTES
3522,TPEx,2018-01-02,2026-08-19,2088,TPEX_DAILY_QUOTES
3523,TPEx,2018-01-02,2026-08-19,1974,TPEX_DAILY_QUOTES
3526,TPEx,2018-01-02,2026-08-19,2088,TPEX_DAILY_QUOTES
3527,TPEx,2018-01-02,2026-08-19,2095,TPEX_DAILY_QUOTES
3529,TPEx,2018-01-02,2026-08-19,2095,TPEX_DAILY_QUOTES
3531,TPEx,2018-01-02,2026-08-19,1974,TPEX_DAILY_QUOTES
3537,TPEx,2018-01-02,2026-08-19,2095,TPEX_DAILY_QUOTES
3540,TPEx,2018-01-02,2026-08-19,2095,TPEX_DAILY_QUOTES
3541,TPEx,2018-01-02,2026-08-19,2095,TPEX_DAILY_QUOTES
3546,TPEx,2018-01-02,2026-08-19,2095,TPEX_DAILY_QUOTES
3548,TPEx,2018-01-02,2026-08-19,2095,TPEX_DAILY_QUOTES
3551,TPEx,2018-01-02,2026-08-19,2095,TPEX_DAILY_QUOTES
3552,TPEx,2018-01-02,2026-08-19,2095,TPEX_DAILY_QUOTES
3555,TPEx,2018-01-02,2026-08-19,1960,TPEX_DAILY_QUOTES
3556,TPEx,2018-01-02,2026-08-19,2095,TPEX_DAILY_QUOTES
3558,TPEx,2018-01-02,2026-08-19,2095,TPEX_DAILY_QUOTES
3562,TPEx,2018-01-02,2020-02-14,504,TPEX_DAILY_QUOTES
3563,TPEx,2018-01-02,2019-04-01,300,TPEX_DAILY_QUOTES
3564,TPEx,2018-01-02,2026-08-19,2080,TPEX_DAILY_QUOTES
3567,TPEx,2018-01-02,2026-08-19,2095,TPEX_DAILY_QUOTES
3570,TPEx,2018-01-02,2026-08-19,2077,TPEX_DAILY_QUOTES
3577,TPEx,2018-01-02,2026-08-19,2084,TPEX_DAILY_QUOTES
3580,TPEx,2018-01-02,2026-08-19,2095,TPEX_DAILY_QUOTES
3581,TPEx,2018-01-02,2026-08-19,2084,TPEX_DAILY_QUOTES
3587,TPEx,2018-01-02,2026-08-19,2094,TPEX_DAILY_QUOTES
3594,TPEx,2018-01-02,2026-08-19,2095,TPEX_DAILY_QUOTES
3597,TPEx,2020-03-09,2026-08-19,1558,TPEX_STK_WN1430
3609,TPEx,2018-01-02,2026-08-19,2074,TPEX_DAILY_QUOTES
3611,TPEx,2018-01-02,2026-08-19,2095,TPEX_DAILY_QUOTES
3615,TPEx,2018-01-02,2026-08-19,2095,TPEX_DAILY_QUOTES
3623,TPEx,2018-01-02,2026-08-19,2091,TPEX_DAILY_QUOTES
3624,TPEx,2018-01-02,2026-08-19,2095,TPEX_DAILY_QUOTES
3625,TPEx,2018-01-02,2026-08-19,2095,TPEX_DAILY_QUOTES
3628,TPEx,2018-01-02,2026-08-19,2088,TPEX_DAILY_QUOTES
3629,TPEx,2018-01-02,2026-08-19,1540,TPEX_DAILY_QUOTES
3630,TPEx,2018-01-02,2026-08-19,2094,TPEX_DAILY_QUOTES
3631,TPEx,2018-01-02,2026-08-19,2042,TPEX_DAILY_QUOTES
3632,TPEx,2018-01-02,2026-08-19,2024,TPEX_DAILY_QUOTES
3642,TPEx,2018-01-02,2022-11-16,1182,TPEX_DAILY_QUOTES
3646,TPEx,2018-01-02,2026-08-19,2084,TPEX_DAILY_QUOTES
3652,TPEx,2018-01-02,2022-09-20,1145,TPEX_DAILY_QUOTES
3663,TPEx,2018-01-02,2026-08-19,2095,TPEX_DAILY_QUOTES
3664,TPEx,2018-01-02,2026-08-19,2080,TPEX_DAILY_QUOTES
3666,TPEx,2018-01-02,2026-08-19,2094,TPEX_DAILY_QUOTES
3672,TPEx,2018-01-02,2026-08-19,2091,TPEX_DAILY_QUOTES
3675,TPEx,2018-01-02,2026-08-19,2093,TPEX_DAILY_QUOTES
3680,TPEx,2018-01-02,2026-08-19,2095,TPEX_DAILY_QUOTES
3684,TPEx,2018-01-02,2026-08-18,2006,TPEX_DAILY_QUOTES
3685,TPEx,2018-01-02,2026-08-19,2083,TPEX_DAILY_QUOTES
3687,TPEx,2018-01-02,2026-08-19,2095,TPEX_DAILY_QUOTES
3689,TPEx,2018-01-02,2026-08-19,2095,TPEX_DAILY_QUOTES
3691,TPEx,2018-01-02,2026-08-19,2095,TPEX_DAILY_QUOTES
3693,TPEx,2018-01-02,2026-08-19,2092,TPEX_DAILY_QUOTES
3707,TPEx,2018-01-02,2026-08-19,2095,TPEX_DAILY_QUOTES
3709,TPEx,2018-01-02,2026-08-19,2064,TPEX_DAILY_QUOTES
3710,TPEx,2018-01-02,2026-08-19,2095,TPEX_DAILY_QUOTES
3713,TPEx,2020-02-27,2026-08-19,1575,TPEX_STK_WN1430
4102,TPEx,2018-01-02,2026-08-19,2091,TPEX_DAILY_QUOTES
4103,TPEx,2018-01-02,2018-11-06,206,TPEX_DAILY_QUOTES
4105,TPEx,2018-01-02,2026-08-19,2095,TPEX_DAILY_QUOTES
4107,TPEx,2018-01-02,2026-08-19,2095,TPEX_DAILY_QUOTES
4109,TPEx,2018-01-02,2026-08-19,2089,TPEX_DAILY_QUOTES
4111,TPEx,2018-01-02,2026-08-19,2095,TPEX_DAILY_QUOTES
4113,TPEx,2018-01-02,2026-08-19,2095,TPEX_DAILY_QUOTES
4114,TPEx,2018-01-02,2026-08-19,2094,TPEX_DAILY_QUOTES
4116,TPEx,2018-01-02,2026-08-19,2094,TPEX_DAILY_QUOTES
4120,TPEx,2018-01-02,2026-08-19,2091,TPEX_DAILY_QUOTES
4121,TPEx,2018-01-02,2026-08-19,2095,TPEX_DAILY_QUOTES
4123,TPEx,2018-01-02,2026-08-19,2093,TPEX_DAILY_QUOTES
4126,TPEx,2018-01-02,2026-08-19,2094,TPEX_DAILY_QUOTES
4127,TPEx,2018-01-02,2026-08-19,2094,TPEX_DAILY_QUOTES
4128,TPEx,2018-01-02,2026-08-19,2094,TPEX_DAILY_QUOTES
4129,TPEx,2018-01-02,2026-08-19,2095,TPEX_DAILY_QUOTES
4130,TPEx,2018-01-02,2026-07-21,2073,TPEX_DAILY_QUOTES
4131,TPEx,2018-01-02,2026-08-19,1830,TPEX_DAILY_QUOTES
4138,TPEx,2018-01-02,2026-08-19,2090,TPEX_DAILY_QUOTES
4139,TPEx,2018-01-02,2026-08-19,2090,TPEX_DAILY_QUOTES
4147,TPEx,2018-01-02,2026-08-19,2095,TPEX_DAILY_QUOTES
4152,TPEx,2018-01-02,2021-09-29,906,TPEX_DAILY_QUOTES
4153,TPEx,2018-01-02,2026-08-19,2089,TPEX_DAILY_QUOTES
4154,TPEx,2018-01-02,2026-08-18,1948,TPEX_DAILY_QUOTES
4157,TPEx,2018-01-02,2026-08-19,2095,TPEX_DAILY_QUOTES
4160,TPEx,2018-01-02,2026-08-19,2087,TPEX_DAILY_QUOTES
4161,TPEx,2018-01-02,2026-08-19,2095,TPEX_DAILY_QUOTES
4162,TPEx,2018-01-02,2026-08-19,2095,TPEX_DAILY_QUOTES
4163,TPEx,2018-01-02,2026-08-19,2091,TPEX_DAILY_QUOTES
4166,TPEx,2025-08-21,2026-08-19,241,TPEX_STK_WN1430
4167,TPEx,2018-01-02,2026-08-19,2095,TPEX_DAILY_QUOTES
4168,TPEx,2018-01-02,2026-08-19,2095,TPEX_DAILY_QUOTES
4171,TPEx,2018-01-02,2026-08-19,2092,TPEX_DAILY_QUOTES
4173,TPEx,2018-01-02,2026-08-19,2095,TPEX_DAILY_QUOTES
4174,TPEx,2018-01-02,2026-08-19,2090,TPEX_DAILY_QUOTES
4175,TPEx,2018-01-02,2026-08-19,2076,TPEX_DAILY_QUOTES
4180,TPEx,2018-01-02,2019-07-29,380,TPEX_DAILY_QUOTES
4183,TPEx,2018-01-02,2026-08-19,1880,TPEX_DAILY_QUOTES
4188,TPEx,2018-01-02,2026-08-19,2094,TPEX_DAILY_QUOTES
4192,TPEx,2018-01-02,2026-08-18,2005,TPEX_DAILY_QUOTES
4198,TPEx,2018-01-02,2026-08-18,1946,TPEX_DAILY_QUOTES
4205,TPEx,2018-01-02,2026-08-19,2085,TPEX_DAILY_QUOTES
4207,TPEx,2018-01-02,2026-08-19,2095,TPEX_DAILY_QUOTES
4303,TPEx,2018-01-02,2026-08-19,2087,TPEX_DAILY_QUOTES
4304,TPEx,2018-01-02,2026-08-19,1890,TPEX_DAILY_QUOTES
4305,TPEx,2018-01-02,2026-08-19,1788,TPEX_DAILY_QUOTES
4401,TPEx,2018-01-02,2026-08-19,2095,TPEX_DAILY_QUOTES
4402,TPEx,2018-01-02,2026-08-19,2029,TPEX_DAILY_QUOTES
4406,TPEx,2018-01-02,2026-08-19,1914,TPEX_DAILY_QUOTES
4413,TPEx,2018-01-02,2026-08-19,1852,TPEX_DAILY_QUOTES
4415,TPEx,2018-11-02,2019-12-13,159,TPEX_STK_WN1430
4416,TPEx,2018-01-02,2026-08-19,1747,TPEX_DAILY_QUOTES
4417,TPEx,2018-01-02,2026-08-19,2095,TPEX_DAILY_QUOTES
4419,TPEx,2018-01-04,2026-08-19,1310,TPEX_DAILY_QUOTES
4420,TPEx,2018-01-02,2026-08-19,2065,TPEX_DAILY_QUOTES
4429,TPEx,2018-01-02,2022-05-24,854,TPEX_DAILY_QUOTES
4430,TPEx,2018-01-02,2026-08-19,2076,TPEX_DAILY_QUOTES
4432,TPEx,2018-01-02,2026-08-19,2094,TPEX_DAILY_QUOTES
4433,TPEx,2018-01-02,2026-08-19,2078,TPEX_DAILY_QUOTES
4442,TPEx,2023-11-29,2026-08-19,657,TPEX_STK_WN1430
4502,TPEx,2018-01-02,2026-08-19,2071,TPEX_DAILY_QUOTES
4503,TPEx,2018-01-02,2026-08-19,2089,TPEX_DAILY_QUOTES
4506,TPEx,2018-01-02,2026-08-19,2093,TPEX_DAILY_QUOTES
4510,TPEx,2018-01-02,2026-08-19,2095,TPEX_DAILY_QUOTES
4513,TPEx,2018-01-02,2026-08-19,2095,TPEX_DAILY_QUOTES
4523,TPEx,2018-01-02,2026-08-19,2072,TPEX_DAILY_QUOTES
4527,TPEx,2018-01-02,2026-08-19,2087,TPEX_DAILY_QUOTES
4528,TPEx,2018-01-02,2026-08-19,2086,TPEX_DAILY_QUOTES
4529,TPEx,2018-01-02,2026-08-19,2093,TPEX_DAILY_QUOTES
4530,TPEx,2018-01-02,2026-08-19,2028,TPEX_DAILY_QUOTES
4533,TPEx,2018-01-02,2026-08-19,2094,TPEX_DAILY_QUOTES
4534,TPEx,2018-01-02,2026-08-19,2095,TPEX_DAILY_QUOTES
4535,TPEx,2018-01-02,2026-08-19,2032,TPEX_DAILY_QUOTES
4538,TPEx,2019-01-15,2026-08-19,1814,TPEX_STK_WN1430
4541,TPEx,2018-01-02,2026-08-19,2095,TPEX_DAILY_QUOTES
4542,TPEx,2018-01-02,2026-08-19,1969,TPEX_DAILY_QUOTES
4543,TPEx,2018-01-02,2026-08-19,2065,TPEX_DAILY_QUOTES
4549,TPEx,2018-01-02,2026-08-19,2093,TPEX_DAILY_QUOTES
4550,TPEx,2018-01-02,2026-08-19,2072,TPEX_DAILY_QUOTES
4554,TPEx,2018-01-02,2026-08-19,2074,TPEX_DAILY_QUOTES
4556,TPEx,2018-01-02,2026-08-19,1861,TPEX_DAILY_QUOTES
4558,TPEx,2022-03-17,2026-08-19,1071,TPEX_STK_WN1430
4561,TPEx,2018-06-11,2026-08-19,1988,TPEX_DAILY_QUOTES
4563,TPEx,2018-07-12,2026-08-19,1955,TPEX_DAILY_QUOTES
4568,TPEx,2018-10-03,2026-08-19,1822,TPEX_DAILY_QUOTES
4577,TPEx,2022-06-14,2026-08-19,1014,TPEX_STK_WN1430
4580,TPEx,2020-01-06,2026-08-19,1607,TPEX_STK_WN1430
4584,TPEx,2022-10-05,2026-08-19,859,TPEX_STK_WN1430
4609,TPEx,2018-01-03,2026-08-19,1870,TPEX_DAILY_QUOTES
4702,TPEx,2018-01-02,2026-08-19,2084,TPEX_DAILY_QUOTES
4706,TPEx,2018-01-02,2026-08-19,2015,TPEX_DAILY_QUOTES
4707,TPEx,2018-01-02,2026-08-19,2095,TPEX_DAILY_QUOTES
4711,TPEx,2018-01-02,2026-08-19,2060,TPEX_DAILY_QUOTES
4712,TPEx,2018-01-02,2024-02-05,1304,TPEX_DAILY_QUOTES
4714,TPEx,2018-01-02,2026-08-19,2095,TPEX_DAILY_QUOTES
4716,TPEx,2018-01-02,2026-08-19,2094,TPEX_DAILY_QUOTES
4721,TPEx,2018-01-02,2026-08-19,2095,TPEX_DAILY_QUOTES
4726,TPEx,2018-01-02,2026-08-19,2095,TPEX_DAILY_QUOTES
4728,TPEx,2018-01-02,2026-08-19,2069,TPEX_DAILY_QUOTES
4729,TPEx,2018-01-02,2026-08-19,2086,TPEX_DAILY_QUOTES
4735,TPEx,2018-01-02,2026-08-19,2089,TPEX_DAILY_QUOTES
4736,TPEx,2018-01-02,2023-12-21,1453,TPEX_DAILY_QUOTES
4741,TPEx,2018-01-02,2026-08-19,2043,TPEX_DAILY_QUOTES
4743,TPEx,2018-01-02,2026-08-19,2092,TPEX_DAILY_QUOTES
4744,TPEx,2018-07-12,2026-08-19,1969,TPEX_DAILY_QUOTES
4745,TPEx,2018-01-02,2026-08-19,2093,TPEX_DAILY_QUOTES
4747,TPEx,2018-01-02,2026-08-19,2008,TPEX_DAILY_QUOTES
4749,TPEx,2025-01-17,2026-08-19,383,TPEX_STK_WN1430
4754,TPEx,2018-01-02,2026-08-19,2034,TPEX_DAILY_QUOTES
4760,TPEx,2019-03-21,2026-08-19,1803,TPEX_STK_WN1430
4767,TPEx,2018-10-29,2026-08-19,1719,TPEX_DAILY_QUOTES
4768,TPEx,2022-04-13,2026-08-19,1059,TPEX_STK_WN1430
4772,TPEx,2024-09-20,2026-08-19,462,TPEX_STK_WN1430
4803,TPEx,2018-01-02,2021-12-15,963,TPEX_DAILY_QUOTES
4804,TPEx,2018-01-02,2026-04-13,1883,TPEX_DAILY_QUOTES
4806,TPEx,2018-01-02,2026-08-19,1871,TPEX_DAILY_QUOTES
4903,TPEx,2018-01-02,2026-08-19,2089,TPEX_DAILY_QUOTES
4905,TPEx,2018-01-02,2026-08-19,1875,TPEX_DAILY_QUOTES
4907,TPEx,2018-01-02,2026-08-19,2087,TPEX_DAILY_QUOTES
4908,TPEx,2018-01-02,2026-08-19,2095,TPEX_DAILY_QUOTES
4909,TPEx,2018-01-02,2026-08-19,2095,TPEX_DAILY_QUOTES
4911,TPEx,2018-01-02,2026-08-19,2083,TPEX_DAILY_QUOTES
4923,TPEx,2022-03-14,2026-08-19,1079,TPEX_STK_WN1430
4924,TPEx,2018-01-02,2026-08-19,2077,TPEX_DAILY_QUOTES
4931,TPEx,2019-09-17,2026-08-19,1682,TPEX_STK_WN1430
4933,TPEx,2018-01-02,2026-08-19,2095,TPEX_DAILY_QUOTES
4939,TPEx,2018-01-02,2026-08-19,2094,TPEX_DAILY_QUOTES
4944,TPEx,2018-01-02,2023-10-25,1368,TPEX_DAILY_QUOTES
4945,TPEx,2020-11-20,2025-09-01,1160,TPEX_STK_WN1430
4946,TPEx,2018-01-02,2026-08-19,2066,TPEX_DAILY_QUOTES
4947,TPEx,2018-01-02,2020-05-20,574,TPEX_DAILY_QUOTES
4950,TPEx,2018-01-02,2026-08-19,1764,TPEX_DAILY_QUOTES
4951,TPEx,2022-11-03,2026-08-19,917,TPEX_STK_WN1430
4953,TPEx,2018-01-02,2026-08-19,2095,TPEX_DAILY_QUOTES
4965,TPEx,2018-01-02,2018-06-21,107,TPEX_DAILY_QUOTES
4966,TPEx,2018-01-02,2026-08-19,2094,TPEX_DAILY_QUOTES
4971,TPEx,2018-01-02,2026-08-19,2094,TPEX_DAILY_QUOTES
4972,TPEx,2018-01-02,2026-08-19,2092,TPEX_DAILY_QUOTES
4973,TPEx,2018-01-02,2026-08-19,2095,TPEX_DAILY_QUOTES
4974,TPEx,2018-01-02,2026-08-19,2095,TPEX_DAILY_QUOTES
4979,TPEx,2018-01-02,2026-08-19,2095,TPEX_DAILY_QUOTES
4987,TPEx,2018-01-02,2026-05-20,2004,TPEX_DAILY_QUOTES
4991,TPEx,2018-01-02,2026-08-19,2095,TPEX_DAILY_QUOTES
4995,TPEx,2018-01-02,2026-08-19,2084,TPEX_DAILY_QUOTES
5009,TPEx,2018-01-02,2026-08-19,2094,TPEX_DAILY_QUOTES
5011,TPEx,2018-01-03,2026-08-19,2008,TPEX_DAILY_QUOTES
5013,TPEx,2018-01-02,2026-08-19,1935,TPEX_DAILY_QUOTES
5014,TPEx,2018-01-02,2026-08-19,2095,TPEX_DAILY_QUOTES
5015,TPEx,2018-01-02,2026-08-19,2093,TPEX_DAILY_QUOTES
5016,TPEx,2018-01-02,2026-08-19,1995,TPEX_DAILY_QUOTES
5102,TPEx,2018-01-02,2022-07-06,1093,TPEX_DAILY_QUOTES
5201,TPEx,2018-01-02,2026-08-19,2077,TPEX_DAILY_QUOTES
5202,TPEx,2018-01-02,2026-08-19,2023,TPEX_DAILY_QUOTES
5205,TPEx,2018-01-04,2026-08-19,1292,TPEX_DAILY_QUOTES
5206,TPEx,2018-01-02,2026-08-19,2092,TPEX_DAILY_QUOTES
5209,TPEx,2018-01-02,2026-08-19,2065,TPEX_DAILY_QUOTES
5210,TPEx,2018-01-02,2026-08-19,2077,TPEX_DAILY_QUOTES
5211,TPEx,2018-01-02,2026-08-19,2091,TPEX_DAILY_QUOTES
5212,TPEx,2018-01-03,2026-08-18,1957,TPEX_DAILY_QUOTES
5213,TPEx,2018-01-02,2026-08-19,2088,TPEX_DAILY_QUOTES
5220,TPEx,2018-04-26,2026-08-19,2018,TPEX_DAILY_QUOTES
5223,TPEx,2018-07-02,2026-08-19,1968,TPEX_DAILY_QUOTES
5227,TPEx,2018-01-02,2026-08-19,2067,TPEX_DAILY_QUOTES
5228,TPEx,2022-05-20,2026-08-19,990,TPEX_STK_WN1430
5230,TPEx,2018-01-02,2026-08-19,2094,TPEX_DAILY_QUOTES
5236,TPEx,2021-07-29,2026-07-15,1204,TPEX_STK_WN1430
5245,TPEx,2018-01-02,2026-08-18,2094,TPEX_DAILY_QUOTES
5251,TPEx,2018-01-02,2026-08-19,2092,TPEX_DAILY_QUOTES
5255,TPEx,2018-01-02,2018-11-21,217,TPEX_DAILY_QUOTES
5263,TPEx,2018-01-02,2026-08-19,2094,TPEX_DAILY_QUOTES
5272,TPEx,2018-01-02,2026-08-19,2095,TPEX_DAILY_QUOTES
5274,TPEx,2018-01-02,2026-08-19,2095,TPEX_DAILY_QUOTES
5276,TPEx,2018-01-02,2026-08-19,1847,TPEX_DAILY_QUOTES
5278,TPEx,2018-01-02,2026-08-19,2067,TPEX_DAILY_QUOTES
5281,TPEx,2018-01-02,2023-10-24,1369,TPEX_DAILY_QUOTES
5287,TPEx,2018-01-02,2026-08-19,2075,TPEX_DAILY_QUOTES
5289,TPEx,2018-01-02,2026-08-19,2095,TPEX_DAILY_QUOTES
5291,TPEx,2018-01-02,2026-08-19,2095,TPEX_DAILY_QUOTES
5299,TPEx,2018-01-23,2026-08-19,2080,TPEX_DAILY_QUOTES
5301,TPEx,2018-01-02,2026-08-19,2058,TPEX_DAILY_QUOTES
5302,TPEx,2018-01-02,2026-08-19,2095,TPEX_DAILY_QUOTES
5304,TPEx,2018-01-02,2020-11-19,670,TPEX_DAILY_QUOTES
5306,TPEx,2018-01-02,2022-03-07,1011,TPEX_DAILY_QUOTES
5309,TPEx,2018-01-02,2026-08-19,2090,TPEX_DAILY_QUOTES
5310,TPEx,2018-01-02,2026-08-19,2033,TPEX_DAILY_QUOTES
5312,TPEx,2018-01-02,2026-08-19,2093,TPEX_DAILY_QUOTES
5314,TPEx,2018-01-03,2026-08-19,1991,TPEX_DAILY_QUOTES
5315,TPEx,2018-01-02,2026-08-19,2095,TPEX_DAILY_QUOTES
5317,TPEx,2018-01-02,2019-09-17,405,TPEX_DAILY_QUOTES
5321,TPEx,2018-01-02,2026-08-19,2071,TPEX_DAILY_QUOTES
5324,TPEx,2018-01-02,2026-08-19,2092,TPEX_DAILY_QUOTES
5328,TPEx,2018-01-02,2026-08-19,2095,TPEX_DAILY_QUOTES
5340,TPEx,2018-01-02,2026-08-19,2095,TPEX_DAILY_QUOTES
5344,TPEx,2018-01-02,2026-08-19,2077,TPEX_DAILY_QUOTES
5345,TPEx,2018-01-02,2026-08-19,1929,TPEX_DAILY_QUOTES
5347,TPEx,2018-01-02,2026-08-19,2094,TPEX_DAILY_QUOTES
5348,TPEx,2018-01-03,2026-08-19,1948,TPEX_DAILY_QUOTES
5349,TPEx,2018-01-02,2020-10-28,684,TPEX_DAILY_QUOTES
5351,TPEx,2018-01-02,2026-08-19,2088,TPEX_DAILY_QUOTES
5353,TPEx,2018-01-02,2026-08-19,2095,TPEX_DAILY_QUOTES
5355,TPEx,2018-01-02,2026-08-19,2093,TPEX_DAILY_QUOTES
5356,TPEx,2018-01-02,2026-08-19,2090,TPEX_DAILY_QUOTES
5364,TPEx,2018-01-04,2026-08-19,1710,TPEX_DAILY_QUOTES
5371,TPEx,2018-01-02,2026-08-19,2095,TPEX_DAILY_QUOTES
5381,TPEx,2018-01-02,2026-08-19,2014,TPEX_DAILY_QUOTES
5383,TPEx,2018-01-02,2024-05-22,1546,TPEX_DAILY_QUOTES
5386,TPEx,2018-01-02,2026-08-19,2095,TPEX_DAILY_QUOTES
5392,TPEx,2018-01-02,2026-08-19,2094,TPEX_DAILY_QUOTES
5398,TPEx,2018-01-03,2026-08-19,2057,TPEX_DAILY_QUOTES
5403,TPEx,2018-01-02,2026-08-19,2095,TPEX_DAILY_QUOTES
5410,TPEx,2018-01-02,2026-08-19,2095,TPEX_DAILY_QUOTES
5425,TPEx,2018-01-02,2026-08-19,2095,TPEX_DAILY_QUOTES
5426,TPEx,2018-01-02,2026-08-19,2095,TPEX_DAILY_QUOTES
5432,TPEx,2018-01-02,2026-08-19,2024,TPEX_DAILY_QUOTES
5438,TPEx,2018-01-02,2026-08-19,2091,TPEX_DAILY_QUOTES
5439,TPEx,2018-01-02,2026-08-19,2095,TPEX_DAILY_QUOTES
5443,TPEx,2018-01-02,2026-08-19,2095,TPEX_DAILY_QUOTES
5450,TPEx,2018-01-02,2026-08-19,2092,TPEX_DAILY_QUOTES
5452,TPEx,2018-01-02,2026-08-19,2095,TPEX_DAILY_QUOTES
5455,TPEx,2018-01-02,2026-08-19,1310,TPEX_DAILY_QUOTES
5457,TPEx,2018-01-02,2026-08-19,2095,TPEX_DAILY_QUOTES
5460,TPEx,2018-01-02,2026-08-19,2076,TPEX_DAILY_QUOTES
5464,TPEx,2018-01-02,2026-08-19,2094,TPEX_DAILY_QUOTES
5465,TPEx,2018-01-02,2026-08-19,2086,TPEX_DAILY_QUOTES
5468,TPEx,2018-01-02,2026-08-19,1961,TPEX_DAILY_QUOTES
5474,TPEx,2018-01-02,2026-08-19,2095,TPEX_DAILY_QUOTES
5475,TPEx,2018-01-02,2026-08-19,2088,TPEX_DAILY_QUOTES
5478,TPEx,2018-01-02,2026-08-19,2093,TPEX_DAILY_QUOTES
5480,TPEx,2018-01-02,2019-03-20,291,TPEX_DAILY_QUOTES
5481,TPEx,2018-01-02,2026-08-19,1999,TPEX_DAILY_QUOTES
5483,TPEx,2018-01-02,2026-08-19,2094,TPEX_DAILY_QUOTES
5487,TPEx,2018-01-02,2026-08-19,1969,TPEX_DAILY_QUOTES
5488,TPEx,2018-01-02,2026-08-19,2095,TPEX_DAILY_QUOTES
5489,TPEx,2018-01-02,2026-08-19,2090,TPEX_DAILY_QUOTES
5490,TPEx,2018-01-02,2026-08-19,2095,TPEX_DAILY_QUOTES
5493,TPEx,2018-01-02,2026-08-19,2079,TPEX_DAILY_QUOTES
5498,TPEx,2018-01-02,2026-08-19,2095,TPEX_DAILY_QUOTES
5508,TPEx,2018-01-02,2026-08-19,2095,TPEX_DAILY_QUOTES
5511,TPEx,2018-01-02,2026-08-19,2093,TPEX_DAILY_QUOTES
5512,TPEx,2018-01-02,2026-08-19,2095,TPEX_DAILY_QUOTES
5514,TPEx,2018-01-02,2026-08-19,1959,TPEX_DAILY_QUOTES
5516,TPEx,2018-01-02,2026-08-19,1996,TPEX_DAILY_QUOTES
5520,TPEx,2018-01-02,2026-08-17,2016,TPEX_DAILY_QUOTES
5523,TPEx,2018-01-02,2026-08-18,2082,TPEX_DAILY_QUOTES
5529,TPEx,2018-01-02,2026-08-19,2078,TPEX_DAILY_QUOTES
5530,TPEx,2018-01-02,2026-08-19,2095,TPEX_DAILY_QUOTES
5536,TPEx,2018-01-02,2026-08-19,2088,TPEX_DAILY_QUOTES
5543,TPEx,2018-01-02,2026-08-19,1912,TPEX_DAILY_QUOTES
5547,TPEx,2026-02-03,2026-08-19,129,TPEX_STK_WN1430
5548,TPEx,2024-03-18,2026-08-19,587,TPEX_STK_WN1430
5601,TPEx,2018-01-03,2026-08-19,1500,TPEX_DAILY_QUOTES
5603,TPEx,2018-01-02,2026-08-19,2090,TPEX_DAILY_QUOTES
5604,TPEx,2018-01-02,2026-08-19,2049,TPEX_DAILY_QUOTES
5609,TPEx,2018-01-02,2026-08-19,2095,TPEX_DAILY_QUOTES
5701,TPEx,2018-01-02,2026-08-19,2085,TPEX_DAILY_QUOTES
5703,TPEx,2018-01-04,2026-08-19,1496,TPEX_DAILY_QUOTES
5704,TPEx,2018-01-04,2026-08-19,1865,TPEX_DAILY_QUOTES
5820,TPEx,2018-01-02,2022-10-31,1176,TPEX_DAILY_QUOTES
5864,TPEx,2018-04-02,2026-08-19,2036,TPEX_DAILY_QUOTES
5878,TPEx,2018-01-02,2026-08-19,1800,TPEX_DAILY_QUOTES
5902,TPEx,2018-01-02,2026-08-19,2025,TPEX_DAILY_QUOTES
5903,TPEx,2018-01-02,2026-08-19,2090,TPEX_DAILY_QUOTES
5904,TPEx,2018-01-02,2026-08-19,2088,TPEX_DAILY_QUOTES
5905,TPEx,2018-01-02,2026-08-19,2095,TPEX_DAILY_QUOTES
6015,TPEx,2018-01-02,2026-08-19,2095,TPEX_DAILY_QUOTES
6016,TPEx,2018-01-02,2026-08-19,2095,TPEX_DAILY_QUOTES
6020,TPEx,2018-01-02,2026-08-19,2094,TPEX_DAILY_QUOTES
6021,TPEx,2018-01-02,2026-08-19,2041,TPEX_DAILY_QUOTES
6023,TPEx,2018-01-02,2026-08-19,2095,TPEX_DAILY_QUOTES
6026,TPEx,2018-01-02,2026-08-19,2095,TPEX_DAILY_QUOTES
6028,TPEx,2026-03-30,2026-08-19,97,TPEX_STK_WN1430
6101,TPEx,2018-01-02,2026-08-19,2088,TPEX_DAILY_QUOTES
6103,TPEx,2018-01-02,2026-08-13,1202,TPEX_DAILY_QUOTES
6104,TPEx,2018-01-02,2026-08-19,2095,TPEX_DAILY_QUOTES
6109,TPEx,2018-01-02,2026-08-19,2059,TPEX_DAILY_QUOTES
6111,TPEx,2018-01-02,2026-08-19,2095,TPEX_DAILY_QUOTES
6113,TPEx,2018-01-02,2026-08-19,2095,TPEX_DAILY_QUOTES
6114,TPEx,2018-01-02,2026-08-19,2094,TPEX_DAILY_QUOTES
6118,TPEx,2018-01-02,2026-08-19,2095,TPEX_DAILY_QUOTES
6121,TPEx,2018-01-02,2026-08-19,2095,TPEX_DAILY_QUOTES
6122,TPEx,2018-01-02,2026-08-19,2090,TPEX_DAILY_QUOTES
6123,TPEx,2018-01-02,2026-08-19,2095,TPEX_DAILY_QUOTES
6124,TPEx,2018-01-02,2026-08-19,2071,TPEX_DAILY_QUOTES
6125,TPEx,2018-01-02,2026-08-19,2095,TPEX_DAILY_QUOTES
6126,TPEx,2018-01-02,2026-08-19,2094,TPEX_DAILY_QUOTES
6127,TPEx,2018-01-02,2026-08-19,2095,TPEX_DAILY_QUOTES
6129,TPEx,2018-01-02,2026-08-19,2095,TPEX_DAILY_QUOTES
6130,TPEx,2018-01-02,2026-08-19,2055,TPEX_DAILY_QUOTES
6134,TPEx,2018-01-02,2026-08-19,2086,TPEX_DAILY_QUOTES
6138,TPEx,2018-01-02,2026-08-19,2089,TPEX_DAILY_QUOTES
6140,TPEx,2018-01-02,2026-08-19,2014,TPEX_DAILY_QUOTES
6143,TPEx,2018-01-02,2026-08-19,2095,TPEX_DAILY_QUOTES
6144,TPEx,2018-01-02,2026-08-19,1800,TPEX_DAILY_QUOTES
6146,TPEx,2018-01-02,2026-08-19,2095,TPEX_DAILY_QUOTES
6147,TPEx,2018-01-02,2026-08-19,2095,TPEX_DAILY_QUOTES
6148,TPEx,2018-01-02,2026-08-19,2081,TPEX_DAILY_QUOTES
6150,TPEx,2018-01-02,2026-08-19,2095,TPEX_DAILY_QUOTES
6151,TPEx,2018-01-02,2026-08-19,2094,TPEX_DAILY_QUOTES
6154,TPEx,2018-01-02,2026-08-19,2083,TPEX_DAILY_QUOTES
6156,TPEx,2018-01-02,2026-08-19,2095,TPEX_DAILY_QUOTES
6158,TPEx,2018-01-02,2026-08-19,2090,TPEX_DAILY_QUOTES
6160,TPEx,2018-01-02,2026-08-19,2095,TPEX_DAILY_QUOTES
6161,TPEx,2018-01-02,2026-08-19,2082,TPEX_DAILY_QUOTES
6163,TPEx,2018-01-02,2026-08-19,2095,TPEX_DAILY_QUOTES
6167,TPEx,2018-01-02,2026-08-19,2088,TPEX_DAILY_QUOTES
6169,TPEx,2018-01-02,2026-08-19,2087,TPEX_DAILY_QUOTES
6170,TPEx,2018-01-02,2026-08-19,2095,TPEX_DAILY_QUOTES
6171,TPEx,2018-01-03,2026-08-19,2043,TPEX_DAILY_QUOTES
6173,TPEx,2018-01-02,2026-08-19,2095,TPEX_DAILY_QUOTES
6174,TPEx,2018-01-02,2026-08-19,2091,TPEX_DAILY_QUOTES
6175,TPEx,2018-01-02,2026-08-19,2095,TPEX_DAILY_QUOTES
6179,TPEx,2018-01-02,2026-08-19,2094,TPEX_DAILY_QUOTES
6180,TPEx,2018-01-02,2026-08-19,2095,TPEX_DAILY_QUOTES
6182,TPEx,2018-01-02,2026-08-19,2095,TPEX_DAILY_QUOTES
6185,TPEx,2018-01-02,2026-08-19,2095,TPEX_DAILY_QUOTES
6186,TPEx,2018-01-02,2026-08-19,2095,TPEX_DAILY_QUOTES
6187,TPEx,2018-01-02,2026-08-19,2095,TPEX_DAILY_QUOTES
6188,TPEx,2018-01-02,2026-08-19,2095,TPEX_DAILY_QUOTES
6190,TPEx,2018-01-02,2026-08-19,2095,TPEX_DAILY_QUOTES
6194,TPEx,2018-01-02,2026-08-19,2081,TPEX_DAILY_QUOTES
6195,TPEx,2018-01-02,2026-08-18,2082,TPEX_DAILY_QUOTES
6198,TPEx,2018-01-02,2026-08-19,1672,TPEX_DAILY_QUOTES
6199,TPEx,2018-01-02,2026-08-19,1871,TPEX_DAILY_QUOTES
6203,TPEx,2018-01-02,2026-08-19,2095,TPEX_DAILY_QUOTES
6204,TPEx,2018-01-02,2026-08-19,2084,TPEX_DAILY_QUOTES
6207,TPEx,2018-01-02,2026-08-19,2088,TPEX_DAILY_QUOTES
6208,TPEx,2018-01-02,2026-08-19,2088,TPEX_DAILY_QUOTES
6210,TPEx,2018-01-02,2026-08-19,2066,TPEX_DAILY_QUOTES
6212,TPEx,2018-01-04,2026-08-17,1711,TPEX_DAILY_QUOTES
6217,TPEx,2018-01-02,2026-08-19,2095,TPEX_DAILY_QUOTES
6218,TPEx,2018-01-02,2026-08-19,2092,TPEX_DAILY_QUOTES
6219,TPEx,2018-01-02,2026-08-19,2090,TPEX_DAILY_QUOTES
6220,TPEx,2018-01-02,2026-08-19,2095,TPEX_DAILY_QUOTES
6221,TPEx,2018-01-02,2026-08-19,2071,TPEX_DAILY_QUOTES
6222,TPEx,2018-01-02,2026-08-18,1830,TPEX_DAILY_QUOTES
6223,TPEx,2018-01-02,2026-08-19,2095,TPEX_DAILY_QUOTES
6227,TPEx,2018-01-02,2026-08-19,2095,TPEX_DAILY_QUOTES
6228,TPEx,2018-01-02,2026-08-19,2035,TPEX_DAILY_QUOTES
6229,TPEx,2018-01-02,2026-08-19,2093,TPEX_DAILY_QUOTES
6231,TPEx,2018-01-02,2026-08-19,2095,TPEX_DAILY_QUOTES
6233,TPEx,2018-01-02,2026-08-19,2095,TPEX_DAILY_QUOTES
6234,TPEx,2018-01-02,2026-08-19,2095,TPEX_DAILY_QUOTES
6236,TPEx,2018-01-02,2026-08-18,1000,TPEX_DAILY_QUOTES
6237,TPEx,2018-01-02,2026-08-19,2095,TPEX_DAILY_QUOTES
6238,TPEx,2018-01-02,2020-06-10,589,TPEX_DAILY_QUOTES
6240,TPEx,2018-01-02,2026-08-19,2029,TPEX_DAILY_QUOTES
6241,TPEx,2018-01-02,2026-08-17,2052,TPEX_DAILY_QUOTES
6242,TPEx,2018-01-02,2026-08-19,1996,TPEX_DAILY_QUOTES
6244,TPEx,2018-01-02,2026-08-19,2088,TPEX_DAILY_QUOTES
6245,TPEx,2018-01-02,2026-08-19,2095,TPEX_DAILY_QUOTES
6246,TPEx,2018-01-02,2026-08-19,2040,TPEX_DAILY_QUOTES
6247,TPEx,2018-01-02,2023-02-01,1052,TPEX_DAILY_QUOTES
6248,TPEx,2018-01-02,2026-08-19,2041,TPEX_DAILY_QUOTES
6259,TPEx,2018-01-03,2026-08-19,1957,TPEX_DAILY_QUOTES
6261,TPEx,2018-01-02,2026-08-19,2095,TPEX_DAILY_QUOTES
6263,TPEx,2018-01-02,2026-08-19,2095,TPEX_DAILY_QUOTES
6264,TPEx,2018-01-02,2026-08-19,2084,TPEX_DAILY_QUOTES
6265,TPEx,2018-01-02,2026-08-19,2094,TPEX_DAILY_QUOTES
6266,TPEx,2018-01-02,2026-08-19,2095,TPEX_DAILY_QUOTES
6270,TPEx,2018-01-02,2026-08-19,2095,TPEX_DAILY_QUOTES
6274,TPEx,2018-01-02,2026-08-19,2095,TPEX_DAILY_QUOTES
6275,TPEx,2018-01-02,2026-08-19,2094,TPEX_DAILY_QUOTES
6276,TPEx,2018-01-02,2026-08-19,2063,TPEX_DAILY_QUOTES
6279,TPEx,2018-01-02,2026-08-19,2095,TPEX_DAILY_QUOTES
6284,TPEx,2018-01-02,2026-08-19,2088,TPEX_DAILY_QUOTES
6287,TPEx,2018-01-02,2025-06-20,1572,TPEX_DAILY_QUOTES
6290,TPEx,2018-01-02,2026-08-19,2095,TPEX_DAILY_QUOTES
6291,TPEx,2018-01-02,2026-08-19,1888,TPEX_DAILY_QUOTES
6292,TPEx,2018-01-02,2026-08-19,2091,TPEX_DAILY_QUOTES
6294,TPEx,2018-01-02,2026-08-19,2093,TPEX_DAILY_QUOTES
6298,TPEx,2018-01-02,2018-09-17,172,TPEX_DAILY_QUOTES
6404,TPEx,2018-01-02,2023-11-21,1267,TPEX_DAILY_QUOTES
6411,TPEx,2018-01-02,2026-08-19,2095,TPEX_DAILY_QUOTES
6417,TPEx,2018-01-02,2026-08-19,2007,TPEX_DAILY_QUOTES
6418,TPEx,2019-02-18,2026-08-19,1815,TPEX_STK_WN1430
6419,TPEx,2018-01-02,2026-08-19,2055,TPEX_DAILY_QUOTES
6423,TPEx,2026-01-22,2026-08-19,137,TPEX_STK_WN1430
6425,TPEx,2019-01-18,2026-08-19,1829,TPEX_STK_WN1430
6426,TPEx,2018-01-02,2021-03-23,780,TPEX_DAILY_QUOTES
6432,TPEx,2018-01-02,2026-08-19,2094,TPEX_DAILY_QUOTES
6435,TPEx,2018-01-02,2026-08-19,2095,TPEX_DAILY_QUOTES
6438,TPEx,2018-01-02,2021-01-18,742,TPEX_DAILY_QUOTES
6441,TPEx,2018-01-02,2026-08-19,2085,TPEX_DAILY_QUOTES
6446,TPEx,2018-01-02,2024-01-24,1476,TPEX_DAILY_QUOTES
6457,TPEx,2018-01-02,2024-12-25,1694,TPEX_DAILY_QUOTES
6461,TPEx,2018-03-28,2026-08-19,2041,TPEX_DAILY_QUOTES
6462,TPEx,2018-01-02,2026-08-19,2094,TPEX_DAILY_QUOTES
6465,TPEx,2018-01-02,2026-08-19,2043,TPEX_DAILY_QUOTES
6469,TPEx,2018-01-02,2026-08-19,2095,TPEX_DAILY_QUOTES
6470,TPEx,2018-01-02,2026-08-19,2095,TPEX_DAILY_QUOTES
6472,TPEx,2018-01-02,2023-12-18,1450,TPEX_DAILY_QUOTES
6474,TPEx,2025-11-25,2026-08-19,176,TPEX_STK_WN1430
6482,TPEx,2018-01-02,2026-08-19,1842,TPEX_DAILY_QUOTES
6485,TPEx,2018-01-02,2026-08-19,2095,TPEX_DAILY_QUOTES
6486,TPEx,2018-01-02,2026-08-19,2090,TPEX_DAILY_QUOTES
6488,TPEx,2018-01-02,2026-08-19,2095,TPEX_DAILY_QUOTES
6492,TPEx,2018-01-02,2026-08-19,2094,TPEX_DAILY_QUOTES
6494,TPEx,2018-01-02,2026-08-19,2094,TPEX_DAILY_QUOTES
6496,TPEx,2018-01-02,2026-08-19,2066,TPEX_DAILY_QUOTES
6497,TPEx,2018-01-02,2020-08-24,640,TPEX_DAILY_QUOTES
6498,TPEx,2025-05-20,2026-08-19,307,TPEX_STK_WN1430
6499,TPEx,2018-01-02,2026-08-19,2094,TPEX_DAILY_QUOTES
6506,TPEx,2018-01-02,2026-08-19,2091,TPEX_DAILY_QUOTES
6508,TPEx,2018-01-02,2026-08-19,2095,TPEX_DAILY_QUOTES
6509,TPEx,2018-01-02,2026-08-19,2095,TPEX_DAILY_QUOTES
6510,TPEx,2018-01-02,2026-08-19,2095,TPEX_DAILY_QUOTES
6512,TPEx,2018-01-02,2026-08-19,2008,TPEX_DAILY_QUOTES
6514,TPEx,2018-01-02,2024-10-08,1634,TPEX_DAILY_QUOTES
6516,TPEx,2019-05-06,2026-08-19,1774,TPEX_STK_WN1430
6517,TPEx,2022-12-15,2026-08-19,887,TPEX_STK_WN1430
6523,TPEx,2018-01-02,2026-08-19,2093,TPEX_DAILY_QUOTES
6527,TPEx,2019-12-25,2026-08-19,1606,TPEX_STK_WN1430
6530,TPEx,2018-01-23,2026-08-19,2067,TPEX_DAILY_QUOTES
6532,TPEx,2018-01-02,2026-08-19,2095,TPEX_DAILY_QUOTES
6535,TPEx,2018-01-02,2026-08-19,2093,TPEX_DAILY_QUOTES
6538,TPEx,2018-01-02,2026-08-19,2078,TPEX_DAILY_QUOTES
6542,TPEx,2018-01-02,2026-08-19,1919,TPEX_DAILY_QUOTES
6546,TPEx,2022-05-24,2026-08-19,1031,TPEX_STK_WN1430
6547,TPEx,2018-04-17,2026-08-19,2029,TPEX_DAILY_QUOTES
6548,TPEx,2018-01-02,2026-08-19,2080,TPEX_DAILY_QUOTES
6554,TPEx,2018-01-02,2018-05-23,91,TPEX_DAILY_QUOTES
6556,TPEx,2018-01-02,2026-08-19,2068,TPEX_DAILY_QUOTES
6560,TPEx,2018-01-02,2026-08-19,2093,TPEX_DAILY_QUOTES
6561,TPEx,2018-06-05,2026-08-19,1995,TPEX_DAILY_QUOTES
6568,TPEx,2018-01-02,2026-08-19,2095,TPEX_DAILY_QUOTES
6569,TPEx,2018-01-02,2026-08-19,2083,TPEX_DAILY_QUOTES
6570,TPEx,2018-01-02,2026-08-19,2074,TPEX_DAILY_QUOTES
6574,TPEx,2018-01-02,2026-08-19,1658,TPEX_DAILY_QUOTES
6576,TPEx,2018-06-29,2026-08-19,1979,TPEX_DAILY_QUOTES
6577,TPEx,2018-01-02,2026-08-19,2076,TPEX_DAILY_QUOTES
6578,TPEx,2018-09-18,2026-08-19,1922,TPEX_DAILY_QUOTES
6584,TPEx,2023-05-18,2026-08-19,792,TPEX_STK_WN1430
6588,TPEx,2020-07-01,2026-08-19,1484,TPEX_STK_WN1430
6589,TPEx,2019-06-28,2025-07-18,1471,TPEX_STK_WN1430
6590,TPEx,2018-12-24,2026-08-19,1812,TPEX_STK_WN1430
6593,TPEx,2018-01-02,2026-08-19,1994,TPEX_DAILY_QUOTES
6594,TPEx,2018-01-02,2023-03-23,1261,TPEX_DAILY_QUOTES
6596,TPEx,2018-01-04,2026-08-19,2084,TPEX_DAILY_QUOTES
6597,TPEx,2025-05-08,2026-08-19,296,TPEX_STK_WN1430
6603,TPEx,2018-01-02,2026-08-19,2095,TPEX_DAILY_QUOTES
6609,TPEx,2018-01-02,2026-08-19,2095,TPEX_DAILY_QUOTES
6612,TPEx,2018-07-18,2026-08-19,1964,TPEX_DAILY_QUOTES
6613,TPEx,2018-01-02,2026-08-19,2088,TPEX_DAILY_QUOTES
6615,TPEx,2018-01-22,2026-08-19,2032,TPEX_DAILY_QUOTES
6616,TPEx,2018-01-10,2026-08-19,2053,TPEX_DAILY_QUOTES
6617,TPEx,2024-06-18,2026-08-19,528,TPEX_STK_WN1430
6620,TPEx,2025-12-23,2026-08-19,157,TPEX_STK_WN1430
6624,TPEx,2019-05-28,2026-08-19,1661,TPEX_STK_WN1430
6629,TPEx,2019-06-06,2026-08-19,1597,TPEX_STK_WN1430
6637,TPEx,2024-06-18,2026-08-19,528,TPEX_STK_WN1430
6640,TPEx,2018-10-23,2026-08-19,1865,TPEX_DAILY_QUOTES
6642,TPEx,2019-09-23,2026-08-19,1662,TPEX_STK_WN1430
6643,TPEx,2019-01-23,2026-08-19,1835,TPEX_STK_WN1430
6649,TPEx,2019-06-05,2026-08-19,1739,TPEX_STK_WN1430
6651,TPEx,2021-02-01,2026-08-19,1344,TPEX_STK_WN1430
6654,TPEx,2018-10-23,2026-08-19,1850,TPEX_DAILY_QUOTES
6661,TPEx,2021-01-27,2026-08-19,1306,TPEX_STK_WN1430
6662,TPEx,2019-03-26,2026-08-18,1727,TPEX_STK_WN1430
6664,TPEx,2018-09-12,2026-08-19,1926,TPEX_DAILY_QUOTES
6667,TPEx,2018-11-13,2026-08-19,1884,TPEX_STK_WN1430
6679,TPEx,2019-05-09,2026-08-19,1771,TPEX_STK_WN1430
6680,TPEx,2019-09-16,2026-08-19,1401,TPEX_STK_WN1430
6683,TPEx,2019-04-23,2026-08-19,1782,TPEX_STK_WN1430
6684,TPEx,2021-08-11,2026-08-19,1219,TPEX_STK_WN1430
6690,TPEx,2019-10-30,2026-08-19,1650,TPEX_STK_WN1430
6692,TPEx,2024-02-02,2026-08-19,610,TPEX_STK_WN1430
6693,TPEx,2022-03-01,2026-08-19,1088,TPEX_STK_WN1430
6697,TPEx,2019-12-26,2026-08-19,1553,TPEX_STK_WN1430
6703,TPEx,2020-10-20,2026-08-19,1417,TPEX_STK_WN1430
6708,TPEx,2022-12-29,2026-08-19,861,TPEX_STK_WN1430
6712,TPEx,2021-01-08,2026-08-19,1359,TPEX_STK_WN1430
6716,TPEx,2020-03-27,2026-08-19,1548,TPEX_STK_WN1430
6720,TPEx,2024-12-04,2026-08-19,413,TPEX_STK_WN1430
6721,TPEx,2022-04-29,2026-08-19,996,TPEX_STK_WN1430
6725,TPEx,2025-12-30,2026-08-19,153,TPEX_STK_WN1430
6727,TPEx,2020-12-01,2026-08-19,1387,TPEX_STK_WN1430
6728,TPEx,2020-12-25,2026-08-19,1365,TPEX_STK_WN1430
6730,TPEx,2025-12-10,2026-08-19,163,TPEX_STK_WN1430
6732,TPEx,2020-06-08,2026-08-19,1508,TPEX_STK_WN1430
6733,TPEx,2021-01-28,2026-08-19,1346,TPEX_STK_WN1430
6735,TPEx,2022-04-29,2026-08-19,1036,TPEX_STK_WN1430
6739,TPEx,2024-09-02,2026-08-19,476,TPEX_STK_WN1430
6741,TPEx,2021-05-25,2026-08-19,1274,TPEX_STK_WN1430
6747,TPEx,2021-01-19,2025-11-26,1158,TPEX_STK_WN1430
6751,TPEx,2020-12-25,2026-08-19,1349,TPEX_STK_WN1430
6752,TPEx,2020-12-10,2026-08-19,1314,TPEX_STK_WN1430
6761,TPEx,2021-11-08,2026-08-19,1159,TPEX_STK_WN1430
6762,TPEx,2020-12-18,2026-08-17,1171,TPEX_STK_WN1430
6763,TPEx,2022-03-15,2026-08-19,1070,TPEX_STK_WN1430
6767,TPEx,2021-01-25,2026-08-19,1331,TPEX_STK_WN1430
6785,TPEx,2024-01-24,2026-08-19,620,TPEX_STK_WN1430
6788,TPEx,2021-09-29,2026-08-19,1187,TPEX_STK_WN1430
6791,TPEx,2022-11-14,2026-08-19,909,TPEX_STK_WN1430
6803,TPEx,2018-01-02,2026-08-19,2092,TPEX_DAILY_QUOTES
6804,TPEx,2022-03-31,2026-08-19,1058,TPEX_STK_WN1430
6811,TPEx,2022-08-09,2026-08-19,977,TPEX_STK_WN1430
6821,TPEx,2023-05-22,2026-08-19,790,TPEX_STK_WN1430
6823,TPEx,2022-06-30,2026-08-19,998,TPEX_STK_WN1430
6829,TPEx,2022-03-11,2026-08-19,1080,TPEX_STK_WN1430
6840,TPEx,2023-03-24,2026-08-19,808,TPEX_STK_WN1430
6841,TPEx,2023-03-01,2026-08-19,844,TPEX_STK_WN1430
6843,TPEx,2022-11-21,2026-08-19,887,TPEX_STK_WN1430
6844,TPEx,2024-03-08,2026-08-19,583,TPEX_STK_WN1430
6846,TPEx,2023-05-15,2026-08-19,779,TPEX_STK_WN1430
6855,TPEx,2022-10-06,2026-08-19,881,TPEX_STK_WN1430
6856,TPEx,2023-10-27,2026-08-19,600,TPEX_STK_WN1430
6859,TPEx,2022-11-28,2026-08-19,898,TPEX_STK_WN1430
6865,TPEx,2023-01-11,2026-08-14,857,TPEX_STK_WN1430
6870,TPEx,2023-09-14,2026-08-19,710,TPEX_STK_WN1430
6872,TPEx,2025-03-07,2026-08-19,356,TPEX_STK_WN1430
6874,TPEx,2022-12-14,2026-08-19,888,TPEX_STK_WN1430
6875,TPEx,2024-03-26,2026-08-19,584,TPEX_STK_WN1430
6877,TPEx,2023-06-16,2026-08-19,771,TPEX_STK_WN1430
6881,TPEx,2024-05-21,2026-08-19,508,TPEX_STK_WN1430
6884,TPEx,2025-12-17,2026-08-19,155,TPEX_STK_WN1430
6894,TPEx,2023-11-29,2026-08-19,651,TPEX_STK_WN1430
6895,TPEx,2023-08-22,2026-08-19,727,TPEX_STK_WN1430
6899,TPEx,2024-04-08,2026-08-19,573,TPEX_STK_WN1430
6903,TPEx,2024-06-12,2026-08-19,532,TPEX_STK_WN1430
6904,TPEx,2023-12-05,2026-08-18,560,TPEX_STK_WN1430
6907,TPEx,2026-01-29,2026-08-19,132,TPEX_STK_WN1430
6910,TPEx,2025-12-11,2026-08-19,165,TPEX_STK_WN1430
6913,TPEx,2024-10-01,2026-08-19,456,TPEX_STK_WN1430
6922,TPEx,2023-11-09,2026-08-19,673,TPEX_STK_WN1430
6925,TPEx,2025-05-28,2026-08-19,301,TPEX_STK_WN1430
6929,TPEx,2024-03-28,2026-08-19,558,TPEX_STK_WN1430
6945,TPEx,2026-06-05,2026-08-19,52,TPEX_STK_WN1430
6953,TPEx,2024-05-13,2026-08-19,549,TPEX_STK_WN1430
6961,TPEx,2026-01-22,2026-08-19,137,TPEX_STK_WN1430
6967,TPEx,2024-09-25,2026-08-19,456,TPEX_STK_WN1430
6968,TPEx,2024-08-14,2026-08-19,488,TPEX_STK_WN1430
6971,TPEx,2025-10-02,2026-08-19,212,TPEX_STK_WN1430
6982,TPEx,2024-12-18,2026-08-19,404,TPEX_STK_WN1430
6983,TPEx,2026-05-25,2026-08-19,61,TPEX_STK_WN1430
6986,TPEx,2026-06-26,2026-08-19,38,TPEX_STK_WN1430
6996,TPEx,2024-12-10,2026-08-19,410,TPEX_STK_WN1430
6997,TPEx,2024-12-16,2026-08-19,361,TPEX_STK_WN1430
7402,TPEx,2018-01-02,2026-08-19,1996,TPEX_DAILY_QUOTES
7547,TPEx,2025-07-29,2026-08-19,258,TPEX_STK_WN1430
7556,TPEx,2020-10-30,2026-08-19,1393,TPEX_STK_WN1430
7584,TPEx,2024-07-26,2026-08-19,498,TPEX_STK_WN1430
7642,TPEx,2025-05-22,2026-08-19,305,TPEX_STK_WN1430
7703,TPEx,2024-11-13,2026-08-19,429,TPEX_STK_WN1430
7704,TPEx,2024-12-16,2026-08-19,404,TPEX_STK_WN1430
7708,TPEx,2024-11-15,2026-08-19,423,TPEX_STK_WN1430
7709,TPEx,2025-02-25,2026-08-19,352,TPEX_STK_WN1430
7712,TPEx,2024-12-26,2026-08-19,397,TPEX_STK_WN1430
7713,TPEx,2025-02-24,2026-08-19,350,TPEX_STK_WN1430
7714,TPEx,2025-01-15,2026-08-19,385,TPEX_STK_WN1430
7715,TPEx,2025-01-15,2026-08-19,385,TPEX_STK_WN1430
7716,TPEx,2025-10-28,2026-08-18,160,TPEX_STK_WN1430
7717,TPEx,2025-11-17,2026-08-19,183,TPEX_STK_WN1430
7718,TPEx,2025-03-18,2026-08-19,347,TPEX_STK_WN1430
7723,TPEx,2025-04-30,2026-08-19,320,TPEX_STK_WN1430
7728,TPEx,2025-03-06,2026-08-19,357,TPEX_STK_WN1430
7734,TPEx,2025-02-26,2026-08-19,362,TPEX_STK_WN1430
7738,TPEx,2025-10-16,2026-08-19,204,TPEX_STK_WN1430
7743,TPEx,2025-05-20,2026-08-19,295,TPEX_STK_WN1430
7744,TPEx,2025-11-27,2026-08-19,175,TPEX_STK_WN1430
7747,TPEx,2025-07-11,2026-08-19,263,TPEX_STK_WN1430
7751,TPEx,2025-08-26,2026-08-19,238,TPEX_STK_WN1430
7753,TPEx,2025-08-11,2026-08-19,249,TPEX_STK_WN1430
7757,TPEx,2025-10-20,2026-08-19,202,TPEX_STK_WN1430
7767,TPEx,2025-12-10,2026-08-19,164,TPEX_STK_WN1430
7770,TPEx,2025-12-10,2026-08-19,162,TPEX_STK_WN1430
7772,TPEx,2026-05-08,2026-08-19,72,TPEX_STK_WN1430
7777,TPEx,2025-12-22,2026-08-19,158,TPEX_STK_WN1430
7782,TPEx,2025-10-28,2026-08-19,188,TPEX_STK_WN1430
7792,TPEx,2026-01-28,2026-08-19,133,TPEX_STK_WN1430
7794,TPEx,2026-04-20,2026-08-19,84,TPEX_STK_WN1430
7805,TPEx,2025-12-22,2026-08-19,158,TPEX_STK_WN1430
7810,TPEx,2025-12-23,2026-08-19,157,TPEX_STK_WN1430
7811,TPEx,2026-03-25,2026-08-19,101,TPEX_STK_WN1430
7814,TPEx,2026-07-16,2026-08-19,25,TPEX_STK_WN1430
7819,TPEx,2026-05-27,2026-08-19,59,TPEX_STK_WN1430
7820,TPEx,2026-04-27,2026-08-19,80,TPEX_STK_WN1430
7828,TPEx,2026-04-22,2026-08-19,83,TPEX_STK_WN1430
7839,TPEx,2026-06-15,2026-08-19,46,TPEX_STK_WN1430
7842,TPEx,2026-05-11,2026-08-19,70,TPEX_STK_WN1430
8024,TPEx,2018-01-02,2026-08-19,2090,TPEX_DAILY_QUOTES
8027,TPEx,2018-01-02,2026-08-19,2095,TPEX_DAILY_QUOTES
8032,TPEx,2018-01-02,2026-08-19,2064,TPEX_DAILY_QUOTES
8034,TPEx,2018-01-02,2026-08-19,2088,TPEX_DAILY_QUOTES
8038,TPEx,2018-01-02,2026-08-19,2095,TPEX_DAILY_QUOTES
8040,TPEx,2018-01-02,2026-08-19,2088,TPEX_DAILY_QUOTES
8042,TPEx,2018-01-02,2026-08-19,2093,TPEX_DAILY_QUOTES
8043,TPEx,2018-01-02,2026-08-19,2095,TPEX_DAILY_QUOTES
8044,TPEx,2018-01-02,2026-08-19,2093,TPEX_DAILY_QUOTES
8047,TPEx,2018-01-02,2026-08-19,2003,TPEX_DAILY_QUOTES
8048,TPEx,2018-01-02,2026-08-19,2094,TPEX_DAILY_QUOTES
8049,TPEx,2018-01-02,2026-08-19,2095,TPEX_DAILY_QUOTES
8050,TPEx,2018-01-02,2026-08-19,2094,TPEX_DAILY_QUOTES
8054,TPEx,2018-01-02,2026-08-19,2095,TPEX_DAILY_QUOTES
8059,TPEx,2018-01-02,2026-08-19,2094,TPEX_DAILY_QUOTES
8064,TPEx,2018-01-02,2026-08-19,2095,TPEX_DAILY_QUOTES
8066,TPEx,2018-01-02,2026-08-19,2090,TPEX_DAILY_QUOTES
8067,TPEx,2018-01-02,2026-08-19,1871,TPEX_DAILY_QUOTES
8068,TPEx,2018-01-02,2026-08-19,2092,TPEX_DAILY_QUOTES
8069,TPEx,2018-01-02,2026-08-19,2095,TPEX_DAILY_QUOTES
8071,TPEx,2018-01-02,2026-08-19,2095,TPEX_DAILY_QUOTES
8074,TPEx,2018-01-02,2026-08-19,2095,TPEX_DAILY_QUOTES
8076,TPEx,2018-01-02,2026-08-19,2095,TPEX_DAILY_QUOTES
8077,TPEx,2018-01-02,2026-08-19,1586,TPEX_DAILY_QUOTES
8080,TPEx,2018-01-02,2026-08-19,1772,TPEX_DAILY_QUOTES
8083,TPEx,2018-01-02,2026-08-19,2095,TPEX_DAILY_QUOTES
8084,TPEx,2018-01-02,2026-08-19,2086,TPEX_DAILY_QUOTES
8085,TPEx,2018-01-02,2026-08-19,2088,TPEX_DAILY_QUOTES
8086,TPEx,2018-01-02,2026-08-19,2094,TPEX_DAILY_QUOTES
8087,TPEx,2018-01-02,2026-08-19,1931,TPEX_DAILY_QUOTES
8088,TPEx,2018-01-02,2026-08-19,2095,TPEX_DAILY_QUOTES
8089,TPEx,2020-09-23,2026-08-19,1432,TPEX_STK_WN1430
8091,TPEx,2018-01-02,2026-08-19,2095,TPEX_DAILY_QUOTES
8092,TPEx,2018-01-02,2026-08-19,2095,TPEX_DAILY_QUOTES
8093,TPEx,2018-01-02,2026-08-19,2075,TPEX_DAILY_QUOTES
8096,TPEx,2018-01-02,2026-08-19,2095,TPEX_DAILY_QUOTES
8097,TPEx,2018-01-02,2026-08-19,2091,TPEX_DAILY_QUOTES
8099,TPEx,2018-01-02,2026-08-19,2095,TPEX_DAILY_QUOTES
8102,TPEx,2025-12-22,2026-08-19,152,TPEX_STK_WN1430
8107,TPEx,2018-01-02,2026-08-19,2095,TPEX_DAILY_QUOTES
8109,TPEx,2018-01-02,2026-08-19,2095,TPEX_DAILY_QUOTES
8111,TPEx,2018-01-02,2026-08-19,2095,TPEX_DAILY_QUOTES
8121,TPEx,2018-01-02,2026-08-19,2095,TPEX_DAILY_QUOTES
8147,TPEx,2018-01-02,2026-08-19,2081,TPEX_DAILY_QUOTES
8155,TPEx,2018-01-02,2026-08-19,2095,TPEX_DAILY_QUOTES
8171,TPEx,2018-01-02,2026-08-19,2089,TPEX_DAILY_QUOTES
8176,TPEx,2018-01-02,2026-08-19,2095,TPEX_DAILY_QUOTES
8182,TPEx,2018-01-02,2026-08-19,2095,TPEX_DAILY_QUOTES
8183,TPEx,2018-01-02,2026-08-19,2095,TPEX_DAILY_QUOTES
8227,TPEx,2022-12-20,2026-08-19,884,TPEX_STK_WN1430
8234,TPEx,2018-01-02,2026-08-19,2095,TPEX_DAILY_QUOTES
8240,TPEx,2018-01-02,2026-08-19,2093,TPEX_DAILY_QUOTES
8255,TPEx,2018-01-02,2026-08-19,2095,TPEX_DAILY_QUOTES
8272,TPEx,2024-10-23,2026-08-19,438,TPEX_STK_WN1430
8277,TPEx,2018-01-02,2026-08-19,2095,TPEX_DAILY_QUOTES
8279,TPEx,2018-01-02,2026-08-19,2056,TPEX_DAILY_QUOTES
8284,TPEx,2020-05-18,2026-08-19,1517,TPEX_STK_WN1430
8287,TPEx,2018-01-02,2020-04-30,562,TPEX_DAILY_QUOTES
8289,TPEx,2018-01-02,2026-08-19,2089,TPEX_DAILY_QUOTES
8291,TPEx,2018-01-02,2026-08-19,1366,TPEX_DAILY_QUOTES
8299,TPEx,2018-01-02,2026-08-19,2095,TPEX_DAILY_QUOTES
8342,TPEx,2018-01-02,2026-08-19,1895,TPEX_DAILY_QUOTES
8349,TPEx,2018-01-02,2026-08-19,2091,TPEX_DAILY_QUOTES
8354,TPEx,2018-01-02,2026-08-19,2084,TPEX_DAILY_QUOTES
8358,TPEx,2018-01-02,2026-08-19,2095,TPEX_DAILY_QUOTES
8383,TPEx,2018-01-02,2026-08-19,2095,TPEX_DAILY_QUOTES
8390,TPEx,2018-01-02,2026-08-19,2088,TPEX_DAILY_QUOTES
8401,TPEx,2018-01-02,2026-08-19,2095,TPEX_DAILY_QUOTES
8403,TPEx,2018-01-02,2026-08-19,2095,TPEX_DAILY_QUOTES
8406,TPEx,2018-01-02,2022-04-20,1041,TPEX_DAILY_QUOTES
8409,TPEx,2018-01-02,2026-08-18,2054,TPEX_DAILY_QUOTES
8410,TPEx,2018-01-02,2026-08-19,2071,TPEX_DAILY_QUOTES
8415,TPEx,2018-01-02,2026-08-19,2095,TPEX_DAILY_QUOTES
8416,TPEx,2018-01-02,2026-08-19,2063,TPEX_DAILY_QUOTES
8418,TPEx,2018-01-02,2024-01-24,1437,TPEX_DAILY_QUOTES
8420,TPEx,2018-01-02,2024-11-20,1602,TPEX_DAILY_QUOTES
8421,TPEx,2018-01-02,2026-08-19,2087,TPEX_DAILY_QUOTES
8423,TPEx,2018-01-02,2026-08-19,1845,TPEX_DAILY_QUOTES
8424,TPEx,2018-01-02,2026-08-19,2036,TPEX_DAILY_QUOTES
8426,TPEx,2018-01-02,2026-08-19,2040,TPEX_DAILY_QUOTES
8431,TPEx,2018-01-02,2026-08-19,2095,TPEX_DAILY_QUOTES
8432,TPEx,2018-01-02,2026-08-19,2094,TPEX_DAILY_QUOTES
8433,TPEx,2018-01-02,2026-08-19,2083,TPEX_DAILY_QUOTES
8435,TPEx,2018-01-02,2026-08-19,2090,TPEX_DAILY_QUOTES
8436,TPEx,2018-01-02,2026-08-19,2095,TPEX_DAILY_QUOTES
8437,TPEx,2018-01-02,2026-08-19,2086,TPEX_DAILY_QUOTES
8440,TPEx,2018-03-28,2026-08-19,2040,TPEX_DAILY_QUOTES
8444,TPEx,2018-01-02,2026-08-18,2057,TPEX_DAILY_QUOTES
8446,TPEx,2018-01-02,2026-08-19,2094,TPEX_DAILY_QUOTES
8450,TPEx,2018-01-02,2026-08-19,2092,TPEX_DAILY_QUOTES
8455,TPEx,2018-01-02,2026-08-19,1803,TPEX_DAILY_QUOTES
8462,TPEx,2018-01-02,2019-03-14,288,TPEX_DAILY_QUOTES
8472,TPEx,2018-01-02,2026-08-19,1950,TPEX_DAILY_QUOTES
8476,TPEx,2018-01-02,2023-10-30,1409,TPEX_DAILY_QUOTES
8477,TPEx,2018-01-02,2026-08-19,2081,TPEX_DAILY_QUOTES
8489,TPEx,2018-01-02,2026-08-19,2093,TPEX_DAILY_QUOTES
8905,TPEx,2018-01-02,2026-08-19,2043,TPEX_DAILY_QUOTES
8906,TPEx,2018-01-02,2026-08-19,1973,TPEX_DAILY_QUOTES
8908,TPEx,2018-01-02,2026-08-19,2060,TPEX_DAILY_QUOTES
8913,TPEx,2018-01-02,2020-01-13,493,TPEX_DAILY_QUOTES
8916,TPEx,2018-01-02,2026-08-19,2095,TPEX_DAILY_QUOTES
8917,TPEx,2018-01-05,2026-08-19,1632,TPEX_DAILY_QUOTES
8921,TPEx,2018-01-04,2026-08-19,1318,TPEX_DAILY_QUOTES
8923,TPEx,2018-01-03,2026-08-19,1646,TPEX_DAILY_QUOTES
8924,TPEx,2018-01-02,2026-08-19,2088,TPEX_DAILY_QUOTES
8927,TPEx,2018-01-02,2026-08-19,2084,TPEX_DAILY_QUOTES
8928,TPEx,2018-01-02,2026-08-19,2090,TPEX_DAILY_QUOTES
8929,TPEx,2018-01-02,2026-08-19,2075,TPEX_DAILY_QUOTES
8930,TPEx,2018-01-02,2026-08-19,2095,TPEX_DAILY_QUOTES
8931,TPEx,2018-01-02,2026-08-19,2081,TPEX_DAILY_QUOTES
8932,TPEx,2018-01-02,2026-08-19,2072,TPEX_DAILY_QUOTES
8933,TPEx,2018-01-02,2026-08-19,2088,TPEX_DAILY_QUOTES
8934,TPEx,2018-01-02,2020-11-17,421,TPEX_DAILY_QUOTES
8935,TPEx,2018-01-02,2026-08-19,2093,TPEX_DAILY_QUOTES
8936,TPEx,2018-01-02,2026-08-19,2095,TPEX_DAILY_QUOTES
8937,TPEx,2018-01-02,2026-08-19,2074,TPEX_DAILY_QUOTES
8938,TPEx,2018-01-02,2026-08-19,2094,TPEX_DAILY_QUOTES
8941,TPEx,2018-01-02,2026-08-19,2000,TPEX_DAILY_QUOTES
8942,TPEx,2018-01-02,2026-08-19,2095,TPEX_DAILY_QUOTES
9949,TPEx,2018-01-02,2026-08-19,2058,TPEX_DAILY_QUOTES
9950,TPEx,2018-01-02,2026-08-19,2015,TPEX_DAILY_QUOTES
9951,TPEx,2018-01-02,2026-08-19,2095,TPEX_DAILY_QUOTES
9960,TPEx,2018-01-02,2026-08-19,1968,TPEX_DAILY_QUOTES
9962,TPEx,2018-01-02,2026-08-19,2091,TPEX_DAILY_QUOTES
