symbol,name,delisting_date,exchange,source,reason
1729,必翔實業,2018-01-02,TWSE,TWSE suspendListingCsvAndHtml,
2325,矽品,2018-04-30,TWSE,TWSE suspendListingCsvAndHtml,
2311,日月光,2018-04-30,TWSE,TWSE suspendListingCsvAndHtml,
1469,理隆纖維,2018-07-11,TWSE,TWSE suspendListingCsvAndHtml,
4984,科納-KY,2018-09-01,TWSE,TWSE suspendListingCsvAndHtml,
6422,君耀-KY,2018-09-28,TWSE,TWSE suspendListingCsvAndHtml,
3514,昱晶,2018-10-01,TWSE,TWSE suspendListingCsvAndHtml,
3561,昇陽光電,2018-10-01,TWSE,TWSE suspendListingCsvAndHtml,
2856,元富證券,2018-10-01,TWSE,TWSE suspendListingCsvAndHtml,
6145,勁永,2018-10-01,TWSE,TWSE suspendListingCsvAndHtml,
1704,榮化,2019-01-30,TWSE,TWSE suspendListingCsvAndHtml,
3519,綠能,2019-05-02,TWSE,TWSE suspendListingCsvAndHtml,
2475,華映,2019-05-13,TWSE,TWSE suspendListingCsvAndHtml,
3579,尚志,2019-06-26,TWSE,TWSE suspendListingCsvAndHtml,
1262,綠悅-KY,2019-10-14,TWSE,TWSE suspendListingCsvAndHtml,
9157,陽光能源-DR,2019-11-12,TWSE,TWSE suspendListingCsvAndHtml,
5259,奕智博,2020-01-09,TWSE,TWSE suspendListingCsvAndHtml,
1902,台紙,2020-06-01,TWSE,TWSE suspendListingCsvAndHtml,
8497,格威傳媒,2020-10-30,TWSE,TWSE suspendListingCsvAndHtml,
4144,康聯-KY,2020-10-30,TWSE,TWSE suspendListingCsvAndHtml,
2499,東貝,2020-11-10,TWSE,TWSE suspendListingCsvAndHtml,
5305,敦南,2020-11-30,TWSE,TWSE suspendListingCsvAndHtml,
2448,晶電,2021-01-06,TWSE,TWSE suspendListingCsvAndHtml,
3698,隆達,2021-01-06,TWSE,TWSE suspendListingCsvAndHtml,
5264,鎧勝-KY,2021-01-15,TWSE,TWSE suspendListingCsvAndHtml,
4725,信昌化,2021-01-18,TWSE,TWSE suspendListingCsvAndHtml,
6452,康友-KY,2021-04-01,TWSE,TWSE suspendListingCsvAndHtml,
6131,鈞泰,2021-07-05,TWSE,TWSE suspendListingCsvAndHtml,
1724,台硝,2021-11-01,TWSE,TWSE suspendListingCsvAndHtml,
2823,中壽,2021-12-30,TWSE,TWSE suspendListingCsvAndHtml,
2456,奇力新,2022-01-05,TWSE,TWSE suspendListingCsvAndHtml,
1592,英瑞-KY,2022-01-27,TWSE,TWSE suspendListingCsvAndHtml,
8427,基勝-KY,2022-03-03,TWSE,TWSE suspendListingCsvAndHtml,
9188,精熙-DR,2022-03-18,TWSE,TWSE suspendListingCsvAndHtml,
1507,永大,2022-04-21,TWSE,TWSE suspendListingCsvAndHtml,
4141,龍燈-KY,2022-05-03,TWSE,TWSE suspendListingCsvAndHtml,
2936,客思達-KY,2022-06-27,TWSE,TWSE suspendListingCsvAndHtml,
6172,互億,2022-06-29,TWSE,TWSE suspendListingCsvAndHtml,
2841,台開,2022-08-04,TWSE,TWSE suspendListingCsvAndHtml,
6251,定穎,2022-08-25,TWSE,TWSE suspendListingCsvAndHtml,
6289,華上,2022-09-26,TWSE,TWSE suspendListingCsvAndHtml,
3383,新世紀,2022-09-26,TWSE,TWSE suspendListingCsvAndHtml,
8480,泰昇-KY,2022-12-21,TWSE,TWSE suspendListingCsvAndHtml,
3536,誠創,2023-06-26,TWSE,TWSE suspendListingCsvAndHtml,
3682,亞太電,2023-12-15,TWSE,TWSE suspendListingCsvAndHtml,
1701,中化,2024-09-02,TWSE,TWSE suspendListingCsvAndHtml,
2358,廷鑫,2024-11-19,TWSE,TWSE suspendListingCsvAndHtml,
2443,昶虹,2024-11-19,TWSE,TWSE suspendListingCsvAndHtml,
2888,新光金,2025-07-24,TWSE,TWSE suspendListingCsvAndHtml,
6288,聯嘉光電,2025-08-15,TWSE,TWSE suspendListingCsvAndHtml,
2809,京城銀,2025-10-01,TWSE,TWSE suspendListingCsvAndHtml,
6423,億而得-創,2026-01-22,TWSE,TWSE suspendListingCsvAndHtml,
3454,晶睿,2026-03-27,TWSE,TWSE suspendListingCsvAndHtml,
6806,森崴能源,2026-06-23,TWSE,TWSE suspendListingCsvAndHtml,
6554,中美冠科生物技術股份有限公司,2018-05-31,TPEx,TPEx company/deListed,本中心證券商營業處所買賣有價證券業務規則第15條之18
3068,美磊科技股份有限公司,2018-06-13,TPEx,TPEx company/deListed,本中心證券商營業處所買賣有價證券業務規則第15條之18
4965,商店街市集國際資訊股份有限公司,2018-06-22,TPEx,TPEx company/deListed,本中心證券商營業處所買賣有價證券管理辦法第10條
6107,華美電子股份有限公司,2018-06-27,TPEx,TPEx company/deListed,本中心證券商營業處所買賣有價證券業務規則第12條之2
3428,光燿科技股份有限公司,2018-10-01,TPEx,TPEx company/deListed,本中心證券商營業處所買賣有價證券業務規則第15條之18
6298,崴強科技股份有限公司,2018-10-01,TPEx,TPEx company/deListed,本中心證券商營業處所買賣有價證券業務規則第15條之18
4103,百略醫學科技股份有限公司,2018-11-13,TPEx,TPEx company/deListed,本中心證券商營業處所買賣有價證券業務規則第15條之18
3299,帛漢股份有限公司,2018-11-29,TPEx,TPEx company/deListed,本中心證券商營業處所買賣有價證券業務規則第15條之12
5255,美桀科技股份有限公司,2018-11-30,TPEx,TPEx company/deListed,本中心證券商營業處所買賣有價證券業務規則第15條之18
5480,統盟電子股份有限公司,2019-03-29,TPEx,TPEx company/deListed,本中心證券商營業處所買賣有價證券業務規則第15條之18
3563,牧德科技股份有限公司,2019-04-02,TPEx,TPEx company/deListed,本中心證券商營業處所買賣有價證券業務規則第12條之2第1項第1款
1566,捷邦國際科技股份有限公司,2019-07-31,TPEx,TPEx company/deListed,本中心證券商營業處所買賣有價證券業務規則第15條之12
4180,安成國際藥業股份有限公司,2019-08-05,TPEx,TPEx company/deListed,本中心證券商營業處所買賣有價證券業務規則第15條之18
3431,長天科技股份有限公司,2019-09-02,TPEx,TPEx company/deListed,本中心證券商營業處所買賣有價證券業務規則第12條之2第1項第12款第1目
2233,宇隆科技股份有限公司,2019-09-17,TPEx,TPEx company/deListed,本中心證券商營業處所買賣有價證券業務規則第12條之2第1項第1款
5317,凱美電機股份有限公司,2019-09-30,TPEx,TPEx company/deListed,本中心證券商營業處所買賣有價證券業務規則第12條之2
1787,福盈科技化學股份有限公司,2019-11-29,TPEx,TPEx company/deListed,本中心證券商營業處所買賣有價證券業務規則第15條之18
4415,台原藥股份有限公司,2019-12-16,TPEx,TPEx company/deListed,本中心證券商營業處所買賣有價證券業務規則第13條之1第2項
1795,美時化學製藥股份有限公司,2019-12-16,TPEx,TPEx company/deListed,本中心證券商營業處所買賣有價證券業務規則第12條之2第1項第1款
3562,頂晶科技股份有限公司,2020-02-27,TPEx,TPEx company/deListed,依本中心證券商營業處所買賣有價證券業務規則第15條之12、14、15及16規定
8287,英格爾科技股份有限公司,2020-05-11,TPEx,TPEx company/deListed,本中心證券商營業處所買賣有價證券業務規則第12條之2
4947,昂寶電子股份有限公司,2020-05-28,TPEx,TPEx company/deListed,本中心證券商營業處所買賣有價證券業務規則第15條之18
6238,勝麗國際股份有限公司,2020-06-19,TPEx,TPEx company/deListed,本中心證券商營業處所買賣有價證券業務規則第15條之18
6497,亞獅康股份有限公司,2020-08-25,TPEx,TPEx company/deListed,本中心證券商營業處所買賣有價證券業務規則第12條之2。
5349,先豐通訊股份有限公司,2020-11-04,TPEx,TPEx company/deListed,本中心證券商營業處所買賣有價證券業務規則第15條之18
1333,恩得利工業股份有限公司,2020-11-17,TPEx,TPEx company/deListed,本中心證券商營業處所買賣有價證券業務規則第12條之2
8934,衡平股份有限公司,2020-11-18,TPEx,TPEx company/deListed,本中心證券商營業處所買賣有價證券業務規則第12條之2及第15條之11
5304,鼎創達股份有限公司,2020-11-20,TPEx,TPEx company/deListed,本中心證券商營業處所買賣有價證券管理辦法第10條
1597,直得科技股份有限公司,2020-12-23,TPEx,TPEx company/deListed,本中心證券商營業處所買賣有價證券業務規則第12條之2第1項第1款
6438,迅得機械股份有限公司,2021-01-19,TPEx,TPEx company/deListed,本中心證券商營業處所買賣有價證券業務規則第12條之2第1項第1款
6426,統新光訊股份有限公司,2021-03-24,TPEx,TPEx company/deListed,本中心證券商營業處所買賣有價證券業務規則第12條之2第1項第1款
3092,鴻碩精密電工股份有限公司,2021-05-13,TPEx,TPEx company/deListed,本中心證券商營業處所買賣有價證券業務規則第12條之2第1項第1款
911613,特藝石油能源有限公司,2021-09-03,TPEx,TPEx company/deListed,本中心證券商營業處所買賣有價證券業務規則第12條之6。
4152,台灣微脂體股份有限公司,2021-10-08,TPEx,TPEx company/deListed,本中心證券商營業處所買賣有價證券業務規則第15條之18
2928,紅馬集團股份有限公司,2021-10-22,TPEx,TPEx company/deListed,本中心證券商營業處所買賣有價證券業務規則第15條之7規定
3144,新揚科技股份有限公司,2021-12-20,TPEx,TPEx company/deListed,本中心證券商營業處所買賣有價證券業務規則第15條之18
4803,威馳克媒體集團股份有限公司,2021-12-27,TPEx,TPEx company/deListed,本中心證券商營業處所買賣有價證券業務規則第12條之2
1752,南光化學製藥股份有限公司,2022-01-19,TPEx,TPEx company/deListed,本中心證券商營業處所買賣有價證券業務規則第12條之2第1項第1款
5306,桂盟國際股份有限公司,2022-03-08,TPEx,TPEx company/deListed,本中心證券商營業處所買賣有價證券業務規則第12條之2第1項第1款
8406,金可國際股份有限公司,2022-04-29,TPEx,TPEx company/deListed,本中心證券商營業處所買賣有價證券業務規則第15條之7
4429,聚紡股份有限公司,2022-05-31,TPEx,TPEx company/deListed,本中心證券商營業處所買賣有價證券業務規則第15條之12
5102,富強輪胎工廠股份有限公司,2022-07-15,TPEx,TPEx company/deListed,本中心證券商營業處所買賣有價證券業務規則第15條之18
3652,精聯電子股份有限公司,2022-09-21,TPEx,TPEx company/deListed,本中心證券商營業處所買賣有價證券業務規則第12條之2第1項第1款
5820,日盛金融控股股份有限公司,2022-11-11,TPEx,TPEx company/deListed,本中心證券商營業處所買賣有價證券業務規則第12條之2
6247,淇譽電子科技股份有限公司,2023-02-10,TPEx,TPEx company/deListed,本中心證券商營業處所買賣有價證券業務規則第15條之18
6594,展匯科技股份有限公司,2023-04-01,TPEx,TPEx company/deListed,本中心證券商營業處所買賣有價證券業務規則第15條之12
1258,其祥生物科技控股有限公司,2023-06-09,TPEx,TPEx company/deListed,本中心證券商營業處所買賣有價證券業務規則第15條之7
3642,駿熠電子科技股份有限公司,2023-06-27,TPEx,TPEx company/deListed,本中心證券商營業處所買賣有價證券業務規則第12條之2
8476,台境企業股份有限公司,2023-10-31,TPEx,TPEx company/deListed,本中心證券商營業處所買賣有價證券業務規則第12條之2第1項第1款
5281,大峽谷半導體照明系統(開曼)股份有限公司,2023-10-31,TPEx,TPEx company/deListed,本中心證券商營業處所買賣有價證券業務規則第15條之7
4944,兆遠科技股份有限公司,2023-11-01,TPEx,TPEx company/deListed,本中心證券商營業處所買賣有價證券業務規則第15條之12
6472,保瑞藥業股份有限公司,2023-12-19,TPEx,TPEx company/deListed,本中心證券商營業處所買賣有價證券業務規則第12條之2第1項第1款
4736,泰博科技股份有限公司,2023-12-22,TPEx,TPEx company/deListed,本中心證券商營業處所買賣有價證券業務規則第12條之2第1項第1款
6446,藥華醫藥股份有限公司,2024-01-25,TPEx,TPEx company/deListed,本中心證券商營業處所買賣有價證券業務規則第12條之2第1項第1款
8418,捷必勝控股股份有限公司,2024-01-31,TPEx,TPEx company/deListed,本中心證券商營業處所買賣有價證券業務規則第15條之7
3089,億杰科技股份有限公司,2024-03-04,TPEx,TPEx company/deListed,本中心證券商營業處所買賣有價證券業務規則第12條之2
5383,金利精密工業股份有限公司,2024-05-31,TPEx,TPEx company/deListed,本中心證券商營業處所買賣有價證券業務規則第15條之12
6404,中國通訊多媒體集團有限公司,2024-07-02,TPEx,TPEx company/deListed,本中心證券商營業處所買賣有價證券業務規則第12條之2
4712,福格創新股份有限公司,2024-09-25,TPEx,TPEx company/deListed,本中心證券商營業處所買賣有價證券業務規則第12條之2
6514,芮特科技股份有限公司,2024-10-18,TPEx,TPEx company/deListed,本中心證券商營業處所買賣有價證券業務規則第15條之7
8420,明揚國際科技股份有限公司,2024-11-29,TPEx,TPEx company/deListed,本中心證券商營業處所買賣有價證券業務規則第15條之12
6457,紘康科技股份有限公司,2025-01-01,TPEx,TPEx company/deListed,本中心證券商營業處所買賣有價證券業務規則第15條之18
6287,元隆電子股份有限公司,2025-06-23,TPEx,TPEx company/deListed,本中心證券商營業處所買賣有價證券業務規則第12條之2第1項第4款
3202,樺晟電子股份有限公司,2025-07-21,TPEx,TPEx company/deListed,本中心證券商營業處所買賣有價證券業務規則第12條之2及第15條之11
6589,台康生技股份有限公司,2025-07-21,TPEx,TPEx company/deListed,本中心證券商營業處所買賣有價證券業務規則第12條之2第1項第1款
4945,陞達科技股份有限公司,2025-09-08,TPEx,TPEx company/deListed,本中心證券商營業處所買賣有價證券業務規則第15條之18
6747,亨泰光學股份有限公司,2025-12-04,TPEx,TPEx company/deListed,本中心證券商營業處所買賣有價證券業務規則第15條之18
4987,科誠股份有限公司,2026-05-29,TPEx,TPEx company/deListed,本中心證券商營業處所買賣有價證券業務規則第15條之18
3426,台興電子企業股份有限公司,2026-06-08,TPEx,TPEx company/deListed,本中心證券商營業處所買賣有價證券業務規則第15條之18
5236,凌陽創新科技股份有限公司,2026-07-16,TPEx,TPEx company/deListed,本中心證券商營業處所買賣有價證券業務規則第12條之2第1項第1款
4130,健亞生物科技股份有限公司,2026-07-28,TPEx,TPEx company/deListed,本中心證券商營業處所買賣有價證券業務規則第15條之12
